Timestamp[s],PERCLOS,,Timestamp[s],PERCLOS
1,0,,1,0
2,0,,2,0
3,0,,3,0
4,0,,4,0
5,0,,5,0
6,0,,6,0
7,0,,7,0
8,0,,8,0
9,0,,9,0
10,0,,10,0
11,0,,11,0
12,0,,12,0
13,0,,13,0
14,0,,14,0
15,0,,15,0
16,0,,16,0
17,0,,17,0
18,0,,18,0
19,0,,19,0
20,0,,20,0
21,0,,21,0
22,0,,22,0
23,0,,23,0
24,0,,24,0
25,0,,25,0
26,0,,26,0
27,0,,27,0
28,0,,28,0
29,0,,29,0
30,0,,30,0
31,0,,31,0
33,0.001,,32,
34,0,,33,0.001
35,0,,34,0
36,0,,35,0
37,0,,36,0
38,0,,37,0
39,0,,38,0
40,0,,39,0
41,0,,40,0
42,0,,41,0
43,0,,42,0
44,0,,43,0
45,0,,44,0
46,0,,45,0
47,0,,46,0
48,0,,47,0
49,0,,48,0
50,0,,49,0
51,0,,50,0
52,0,,51,0
53,0,,52,0
54,0,,53,0
56,0,,54,0
57,0,,55,
58,0,,56,0
59,0,,57,0
60,0,,58,0
61,0,,59,0
62,0,,60,0
63,0,,61,0
64,0,,62,0
65,0,,63,0
66,0,,64,0
67,0,,65,0
68,0,,66,0
69,0,,67,0
70,0,,68,0
71,0,,69,0
72,0,,70,0
73,0,,71,0
74,0,,72,0
75,0,,73,0
76,0,,74,0
77,0.001,,75,0
78,0.001,,76,0
79,0,,77,0.001
80,0,,78,0.001
81,0,,79,0
83,0,,80,0
84,0,,81,0
85,0,,82,
86,0,,83,0
87,0,,84,0
88,0,,85,0
89,0,,86,0
90,0,,87,0
91,0,,88,0
92,0,,89,0
93,0,,90,0
94,0,,91,0
95,0,,92,0
96,0,,93,0
97,0,,94,0
98,0,,95,0
99,0,,96,0
100,0,,97,0
101,0,,98,0
102,0,,99,0
103,0,,100,0
104,0,,101,0
105,0,,102,0
106,0,,103,0
107,0,,104,0
108,0,,105,0
109,0,,106,0
111,0,,107,0
112,0,,108,0
113,0,,109,0
114,0,,110,
115,0,,111,0
116,0,,112,0
117,0,,113,0
118,0,,114,0
119,0,,115,0
120,0,,116,0
121,0,,117,0
122,0,,118,0
123,0,,119,0
124,0,,120,0
125,0,,121,0
126,0,,122,0
127,0,,123,0
128,0,,124,0
129,0,,125,0
130,0,,126,0
131,0,,127,0
132,0,,128,0
134,0,,129,0
135,0,,130,0
136,0,,131,0
137,0,,132,0
138,0,,133,
139,0,,134,0
140,0,,135,0
141,0,,136,0
142,0,,137,0
143,0,,138,0
144,0,,139,0
145,0,,140,0
146,0.001,,141,0
147,0,,142,0
148,0,,143,0
149,0,,144,0
150,0,,145,0
151,0,,146,0.001
152,0,,147,0
153,0,,148,0
154,0,,149,0
155,0,,150,0
156,0,,151,0
158,0,,152,0
159,0,,153,0
160,0,,154,0
161,0,,155,0
162,0,,156,0
163,0,,157,
164,0,,158,0
165,0,,159,0
166,0,,160,0
167,0,,161,0
168,0,,162,0
169,0,,163,0
170,0,,164,0
171,0,,165,0
172,0,,166,0
173,0,,167,0
174,0,,168,0
175,0,,169,0
176,0,,170,0
177,0,,171,0
178,0,,172,0
179,0,,173,0
180,0,,174,0
181,0,,175,0
183,0,,176,0
184,0,,177,0
185,0,,178,0
186,0,,179,0
187,0,,180,0
188,0,,181,0
189,0,,182,
190,0,,183,0
191,0,,184,0
192,0,,185,0
193,0,,186,0
194,0,,187,0
195,0,,188,0
196,0,,189,0
197,0,,190,0
198,0,,191,0
199,0,,192,0
200,0,,193,0
201,0,,194,0
202,0,,195,0
203,0,,196,0
204,0,,197,0
205,0,,198,0
206,0,,199,0
207,0,,200,0
208,0,,201,0
209,0,,202,0
211,0,,203,0
212,0,,204,0
213,0,,205,0
214,0,,206,0
215,0,,207,0
216,0,,208,0
217,0,,209,0
218,0,,210,
219,0,,211,0
220,0,,212,0
221,0,,213,0
222,0,,214,0
223,0,,215,0
224,0,,216,0
225,0,,217,0
226,0,,218,0
227,0,,219,0
228,0,,220,0
229,0,,221,0
230,0,,222,0
231,0,,223,0
232,0,,224,0
233,0,,225,0
234,0,,226,0
235,0,,227,0
237,0,,228,0
238,0,,229,0
239,0,,230,0
240,0,,231,0
241,0,,232,0
242,0.001,,233,0
243,0.002,,234,0
244,0,,235,0
245,0,,236,
246,0,,237,0
247,0,,238,0
248,0.001,,239,0
249,0.001,,240,0
250,0.001,,241,0
251,0,,242,0.001
252,0.001,,243,0.002
253,0,,244,0
254,0,,245,0
255,0,,246,0
256,0,,247,0
257,0,,248,0.001
258,0,,249,0.001
259,0,,250,0.001
260,0,,251,0
261,0,,252,0.001
262,0,,253,0
263,0,,254,0
265,0,,255,0
266,0,,256,0
267,0,,257,0
268,0.001,,258,0
269,0,,259,0
270,0.001,,260,0
271,0.001,,261,0
272,0,,262,0
273,0,,263,0
274,0,,264,
275,0,,265,0
276,0,,266,0
277,0,,267,0
278,0,,268,0.001
279,0,,269,0
280,0,,270,0.001
281,0,,271,0.001
282,0,,272,0
283,0,,273,0
284,0,,274,0
285,0,,275,0
286,0,,276,0
287,0,,277,0
288,0,,278,0
289,0,,279,0
290,0,,280,0
291,0,,281,0
292,0,,282,0
294,0,,283,0
295,0,,284,0
296,0,,285,0
297,0,,286,0
298,0,,287,0
299,0,,288,0
300,0,,289,0
301,0,,290,0
302,0,,291,0
303,0,,292,0
304,0,,293,
305,0,,294,0
306,0,,295,0
307,0.001,,296,0
308,0,,297,0
309,0,,298,0
310,0,,299,0
311,0,,300,0
312,0,,301,0
313,0,,302,0
314,0,,303,0
315,0,,304,0
316,0,,305,0
318,0,,306,0
319,0,,307,0.001
320,0,,308,0
321,0,,309,0
322,0,,310,0
323,0,,311,0
324,0.001,,312,0
325,0,,313,0
326,0.002,,314,0
327,0,,315,0
328,0,,316,0
329,0,,317,
330,0,,318,0
331,0,,319,0
332,0,,320,0
333,0,,321,0
334,0,,322,0
335,0,,323,0
336,0,,324,0.001
337,0,,325,0
338,0,,326,0.002
339,0,,327,0
340,0,,328,0
341,0,,329,0
342,0,,330,0
343,0,,331,0
345,0,,332,0
346,0,,333,0
347,0,,334,0
348,0,,335,0
349,0.001,,336,0
350,0,,337,0
351,0.001,,338,0
352,0.001,,339,0
353,0,,340,0
354,0,,341,0
355,0,,342,0
356,0,,343,0
357,0,,344,
358,0,,345,0
359,0,,346,0
360,0,,347,0
361,0,,348,0
362,0,,349,0.001
363,0,,350,0
364,0,,351,0.001
365,0,,352,0.001
366,0,,353,0
367,0,,354,0
368,0,,355,0
369,0,,356,0
370,0.001,,357,0
372,0,,358,0
373,0,,359,0
374,0.001,,360,0
375,0,,361,0
376,0,,362,0
377,0.001,,363,0
378,0,,364,0
379,0,,365,0
380,0,,366,0
381,0,,367,0
382,0,,368,0
383,0,,369,0
384,0,,370,0.001
385,0,,371,
386,0,,372,0
387,0,,373,0
388,0,,374,0.001
389,0,,375,0
390,0,,376,0
391,0,,377,0.001
392,0,,378,0
393,0,,379,0
394,0,,380,0
395,0,,381,0
396,0,,382,0
397,0,,383,0
399,0,,384,0
400,0,,385,0
401,0,,386,0
402,0,,387,0
403,0,,388,0
404,0,,389,0
405,0,,390,0
406,0.001,,391,0
407,0,,392,0
408,0,,393,0
409,0,,394,0
410,0,,395,0
411,0,,396,0
412,0,,397,0
413,0,,398,
414,0.001,,399,0
415,0,,400,0
416,0,,401,0
417,0,,402,0
418,0,,403,0
419,0,,404,0
420,0,,405,0
421,0,,406,0.001
422,0,,407,0
424,0,,408,0
425,0,,409,0
426,0,,410,0
427,0,,411,0
428,0,,412,0
429,0,,413,0
430,0,,414,0.001
431,0,,415,0
432,0,,416,0
433,0.001,,417,0
434,0,,418,0
435,0,,419,0
436,0,,420,0
437,0,,421,0
438,0,,422,0
439,0,,423,
440,0,,424,0
441,0,,425,0
442,0,,426,0
443,0,,427,0
444,0,,428,0
445,0,,429,0
446,0,,430,0
447,0,,431,0
448,0,,432,0
450,0.001,,433,0.001
451,0.002,,434,0
452,0,,435,0
453,0,,436,0
454,0,,437,0
455,0,,438,0
456,0,,439,0
457,0,,440,0
458,0,,441,0
459,0,,442,0
460,0.001,,443,0
461,0,,444,0
462,0,,445,0
463,0,,446,0
464,0,,447,0
465,0,,448,0
466,0,,449,
467,0,,450,0.001
468,0,,451,0.002
469,0.001,,452,0
470,0,,453,0
471,0,,454,0
472,0,,455,0
473,0,,456,0
474,0,,457,0
475,0,,458,0
476,0,,459,0
477,0,,460,0.001
478,0,,461,0
479,0.001,,462,0
481,0,,463,0
482,0,,464,0
483,0,,465,0
484,0,,466,0
485,0.001,,467,0
486,0,,468,0
487,0,,469,0.001
488,0,,470,0
489,0,,471,0
490,0,,472,0
491,0,,473,0
492,0.001,,474,0
493,0,,475,0
494,0.001,,476,0
495,0.009,,477,0
496,0.001,,478,0
497,0,,479,0.001
498,0,,480,
499,0,,481,0
500,0,,482,0
501,0,,483,0
502,0,,484,0
503,0,,485,0.001
504,0,,486,0
506,0,,487,0
507,0,,488,0
508,0,,489,0
509,0,,490,0
510,0,,491,0
511,0,,492,0.001
512,0,,493,0
513,0,,494,0.001
514,0,,495,0.009
515,0,,496,0.001
516,0,,497,0
517,0,,498,0
518,0,,499,0
519,0,,500,0
520,0,,501,0
521,0.001,,502,0
522,0,,503,0
523,0,,504,0
524,0,,505,
525,0,,506,0
526,0,,507,0
527,0.001,,508,0
528,0,,509,0
529,0,,510,0
530,0,,511,0
531,0.001,,512,0
532,0,,513,0
534,0,,514,0
535,0,,515,0
536,0,,516,0
537,0,,517,0
538,0,,518,0
539,0,,519,0
540,0,,520,0
541,0,,521,0.001
542,0,,522,0
543,0,,523,0
544,0,,524,0
545,0.001,,525,0
546,0,,526,0
547,0,,527,0.001
548,0,,528,0
549,0,,529,0
550,0.001,,530,0
551,0,,531,0.001
552,0,,532,0
553,0,,533,
554,0,,534,0
555,0,,535,0
556,0,,536,0
557,0,,537,0
558,0,,538,0
559,0,,539,0
560,0,,540,0
561,0,,541,0
563,0,,542,0
564,0,,543,0
565,0,,544,0
566,0,,545,0.001
567,0.002,,546,0
568,0,,547,0
569,0.002,,548,0
570,0,,549,0
571,0,,550,0.001
572,0.001,,551,0
573,0,,552,0
574,0,,553,0
575,0,,554,0
576,0,,555,0
577,0.001,,556,0
578,0,,557,0
579,0,,558,0
580,0,,559,0
581,0,,560,0
582,0,,561,0
583,0,,562,
584,0,,563,0
585,0,,564,0
586,0,,565,0
587,0,,566,0
589,0,,567,0.002
590,0,,568,0
591,0,,569,0.002
592,0.001,,570,0
593,0.002,,571,0
594,0.002,,572,0.001
595,0,,573,0
596,0,,574,0
597,0,,575,0
598,0.001,,576,0
599,0.001,,577,0.001
600,0.002,,578,0
601,0,,579,0
602,0.001,,580,0
603,0,,581,0
604,0,,582,0
605,0,,583,0
606,0,,584,0
607,0,,585,0
608,0,,586,0
609,0.001,,587,0
610,0,,588,
611,0,,589,0
612,0,,590,0
613,0,,591,0
615,0,,592,0.001
616,0,,593,0.002
617,0,,594,0.002
618,0,,595,0
619,0,,596,0
620,0.001,,597,0
621,0,,598,0.001
622,0,,599,0.001
623,0,,600,0.002
624,0,,601,0
625,0,,602,0.001
626,0,,603,0
627,0,,604,0
628,0.001,,605,0
629,0.001,,606,0
630,0.001,,607,0
631,0.001,,608,0
632,0,,609,0.001
633,0,,610,0
634,0,,611,0
635,0,,612,0
636,0,,613,0
638,0,,614,
639,0,,615,0
640,0,,616,0
641,0.001,,617,0
642,0,,618,0
643,0,,619,0
644,0,,620,0.001
645,0,,621,0
646,0,,622,0
647,0,,623,0
648,0,,624,0
649,0,,625,0
650,0,,626,0
651,0,,627,0
652,0,,628,0.001
653,0,,629,0.001
654,0,,630,0.001
655,0,,631,0.001
656,0,,632,0
657,0,,633,0
658,0,,634,0
659,0,,635,0
660,0.001,,636,0
661,0,,637,
662,0,,638,0
664,0,,639,0
665,0,,640,0
666,0,,641,0.001
667,0,,642,0
668,0,,643,0
669,0.001,,644,0
670,0,,645,0
671,0,,646,0
672,0,,647,0
673,0,,648,0
674,0,,649,0
675,0,,650,0
676,0,,651,0
677,0,,652,0
678,0,,653,0
679,0,,654,0
680,0,,655,0
681,0,,656,0
682,0,,657,0
683,0,,658,0
684,0,,659,0
685,0,,660,0.001
686,0,,661,0
687,0.002,,662,0
688,0,,663,
689,0,,664,0
690,0.002,,665,0
691,0,,666,0
692,0,,667,0
694,0,,668,0
695,0,,669,0.001
696,0.001,,670,0
697,0,,671,0
698,0,,672,0
699,0,,673,0
700,0,,674,0
701,0,,675,0
702,0,,676,0
703,0,,677,0
704,0,,678,0
705,0,,679,0
706,0,,680,0
707,0,,681,0
708,0,,682,0
709,0,,683,0
710,0,,684,0
711,0,,685,0
712,0,,686,0
713,0,,687,0.002
714,0,,688,0
715,0,,689,0
716,0,,690,0.002
718,0,,691,0
719,0.001,,692,0
720,0,,693,
721,0,,694,0
722,0,,695,0
723,0,,696,0.001
724,0,,697,0
725,0,,698,0
726,0,,699,0
727,0,,700,0
728,0,,701,0
729,0,,702,0
730,0,,703,0
731,0,,704,0
732,0.006,,705,0
733,0.003,,706,0
734,0.002,,707,0
735,0,,708,0
736,0,,709,0
737,0,,710,0
738,0.001,,711,0
739,0,,712,0
740,0,,713,0
742,0,,714,0
743,0,,715,0
744,0,,716,0
745,0,,717,
746,0,,718,0
747,0,,719,0.001
748,0,,720,0
749,0,,721,0
750,0,,722,0
751,0,,723,0
752,0.001,,724,0
753,0,,725,0
754,0,,726,0
755,0.002,,727,0
756,0.001,,728,0
757,0.002,,729,0
758,0,,730,0
759,0.001,,731,0
760,0.001,,732,0.006
761,0,,733,0.003
762,0.002,,734,0.002
763,0,,735,0
764,0,,736,0
765,0.001,,737,0
766,0.002,,738,0.001
767,0.001,,739,0
769,0,,740,0
770,0,,741,
771,0,,742,0
772,0.003,,743,0
773,0.003,,744,0
774,0.002,,745,0
775,0,,746,0
776,0,,747,0
777,0.001,,748,0
778,0,,749,0
779,0.001,,750,0
780,0,,751,0
781,0,,752,0.001
782,0,,753,0
783,0,,754,0
784,0,,755,0.002
785,0,,756,0.001
786,0.001,,757,0.002
787,0,,758,0
788,0,,759,0.001
789,0,,760,0.001
790,0,,761,0
791,0.001,,762,0.002
793,0,,763,0
794,0,,764,0
795,0,,765,0.001
796,0,,766,0.002
797,0,,767,0.001
798,0,,768,
799,0,,769,0
800,0.001,,770,0
801,0,,771,0
802,0,,772,0.003
803,0,,773,0.003
804,0,,774,0.002
805,0,,775,0
806,0,,776,0
807,0,,777,0.001
808,0,,778,0
809,0,,779,0.001
810,0.001,,780,0
811,0,,781,0
812,0.001,,782,0
813,0,,783,0
814,0,,784,0
815,0.001,,785,0
816,0.001,,786,0.001
817,0,,787,0
818,0,,788,0
820,0,,789,0
821,0,,790,0
822,0,,791,0.001
823,0,,792,
824,0,,793,0
825,0,,794,0
826,0,,795,0
827,0,,796,0
828,0,,797,0
829,0,,798,0
830,0,,799,0
831,0,,800,0.001
832,0,,801,0
833,0.001,,802,0
834,0,,803,0
835,0,,804,0
836,0,,805,0
837,0,,806,0
838,0,,807,0
839,0,,808,0
840,0,,809,0
841,0.001,,810,0.001
843,0.001,,811,0
844,0,,812,0.001
845,0.001,,813,0
846,0.001,,814,0
847,0,,815,0.001
848,0,,816,0.001
849,0.001,,817,0
850,0,,818,0
851,0,,819,
852,0,,820,0
853,0,,821,0
854,0,,822,0
855,0,,823,0
856,0,,824,0
857,0,,825,0
858,0,,826,0
859,0,,827,0
860,0,,828,0
861,0,,829,0
862,0.002,,830,0
863,0,,831,0
865,0,,832,0
866,0,,833,0.001
867,0,,834,0
868,0,,835,0
869,0,,836,0
870,0.007,,837,0
871,0.001,,838,0
872,0.001,,839,0
873,0.002,,840,0
874,0,,841,0.001
875,0.001,,842,
876,0,,843,0.001
877,0,,844,0
878,0,,845,0.001
879,0,,846,0.001
880,0,,847,0
881,0,,848,0
882,0,,849,0.001
883,0.002,,850,0
884,0,,851,0
885,0,,852,0
886,0,,853,0
887,0,,854,0
889,0,,855,0
890,0,,856,0
891,0,,857,0
892,0,,858,0
893,0,,859,0
894,0,,860,0
895,0.001,,861,0
896,0.001,,862,0.002
897,0.001,,863,0
898,0,,864,
899,0,,865,0
900,0,,866,0
901,0.001,,867,0
902,0,,868,0
903,0,,869,0
904,0.002,,870,0.007
905,0,,871,0.001
906,0.001,,872,0.001
907,0,,873,0.002
908,0,,874,0
909,0,,875,0.001
910,0,,876,0
911,0,,877,0
913,0,,878,0
914,0,,879,0
915,0,,880,0
916,0,,881,0
917,0,,882,0
918,0.001,,883,0.002
919,0.001,,884,0
920,0,,885,0
921,0,,886,0
922,0,,887,0
923,0,,888,
924,0,,889,0
925,0.002,,890,0
926,0.001,,891,0
927,0,,892,0
928,0,,893,0
929,0.004,,894,0
930,0.001,,895,0.001
931,0.001,,896,0.001
932,0,,897,0.001
933,0,,898,0
934,0,,899,0
935,0,,900,0
936,0,,901,0.001
937,0,,902,0
938,0.001,,903,0
939,0,,904,0.002
940,0,,905,0
942,0,,906,0.001
943,0,,907,0
944,0,,908,0
945,0,,909,0
946,0,,910,0
947,0,,911,0
948,0,,912,
949,0,,913,0
950,0,,914,0
951,0,,915,0
952,0,,916,0
953,0,,917,0
954,0,,918,0.001
955,0,,919,0.001
956,0,,920,0
957,0,,921,0
958,0,,922,0
959,0,,923,0
960,0.001,,924,0
961,0.001,,925,0.002
962,0,,926,0.001
963,0,,927,0
964,0,,928,0
965,0.001,,929,0.004
966,0,,930,0.001
968,0,,931,0.001
969,0,,932,0
970,0,,933,0
971,0,,934,0
972,0,,935,0
973,0,,936,0
974,0,,937,0
975,0,,938,0.001
976,0,,939,0
977,0.001,,940,0
978,0,,941,
979,0,,942,0
980,0,,943,0
981,0,,944,0
982,0,,945,0
983,0,,946,0
984,0,,947,0
985,0,,948,0
986,0,,949,0
987,0,,950,0
988,0,,951,0
989,0,,952,0
990,0,,953,0
991,0,,954,0
992,0,,955,0
993,0,,956,0
994,0,,957,0
995,0,,958,0
996,0,,959,0
997,0.001,,960,0.001
998,0.001,,961,0.001
999,0,,962,0
1000,0,,963,0
1001,0,,964,0
1003,0,,965,0.001
1004,0,,966,0
1005,0,,967,
1006,0,,968,0
1007,0,,969,0
1008,0,,970,0
1009,0,,971,0
1010,0,,972,0
1011,0,,973,0
1012,0.001,,974,0
1013,0,,975,0
1014,0,,976,0
1015,0,,977,0.001
1016,0.001,,978,0
1017,0,,979,0
1018,0,,980,0
1019,0,,981,0
1020,0,,982,0
1021,0,,983,0
1022,0,,984,0
1023,0,,985,0
1024,0,,986,0
1026,0,,987,0
1027,0,,988,0
1028,0,,989,0
1029,0.001,,990,0
1030,0,,991,0
1031,0.001,,992,0
1032,0,,993,0
1033,0,,994,0
1034,0.001,,995,0
1035,0,,996,0
1036,0,,997,0.001
1037,0,,998,0.001
1038,0,,999,0
1039,0,,1000,0
1040,0,,1001,0
1041,0.001,,1002,
1042,0,,1003,0
1043,0.002,,1004,0
1044,0,,1005,0
1045,0,,1006,0
1046,0,,1007,0
1047,0,,1008,0
1048,0.003,,1009,0
1049,0,,1010,0
1050,0,,1011,0
1051,0,,1012,0.001
1052,0.002,,1013,0
1053,0,,1014,0
1054,0,,1015,0
1056,0.001,,1016,0.001
1057,0,,1017,0
1058,0,,1018,0
1059,0,,1019,0
1060,0.001,,1020,0
1061,0,,1021,0
1062,0,,1022,0
1063,0.001,,1023,0
1064,0,,1024,0
1065,0,,1025,
1066,0,,1026,0
1067,0,,1027,0
1068,0,,1028,0
1069,0,,1029,0.001
1070,0,,1030,0
1071,0,,1031,0.001
1072,0,,1032,0
1073,0,,1033,0
1074,0,,1034,0.001
1075,0,,1035,0
1076,0,,1036,0
1077,0,,1037,0
1078,0,,1038,0
1079,0,,1039,0
1080,0,,1040,0
1082,0,,1041,0.001
1083,0,,1042,0
1084,0,,1043,0.002
1085,0,,1044,0
1086,0,,1045,0
1087,0,,1046,0
1088,0,,1047,0
1089,0,,1048,0.003
1090,0.001,,1049,0
1091,0,,1050,0
1092,0,,1051,0
1093,0.001,,1052,0.002
1094,0,,1053,0
1095,0,,1054,0
1096,0,,1055,
1097,0,,1056,0.001
1098,0,,1057,0
1099,0,,1058,0
1100,0.001,,1059,0
1101,0,,1060,0.001
1102,0,,1061,0
1103,0,,1062,0
1104,0,,1063,0.001
1105,0,,1064,0
1106,0,,1065,0
1107,0.001,,1066,0
1109,0,,1067,0
1110,0,,1068,0
1111,0,,1069,0
1112,0.002,,1070,0
1113,0,,1071,0
1114,0,,1072,0
1115,0,,1073,0
1116,0,,1074,0
1117,0,,1075,0
1118,0,,1076,0
1119,0,,1077,0
1120,0,,1078,0
1121,0,,1079,0
1122,0,,1080,0
1123,0,,1081,
1124,0.001,,1082,0
1125,0,,1083,0
1126,0,,1084,0
1127,0,,1085,0
1128,0,,1086,0
1129,0,,1087,0
1130,0.001,,1088,0
1131,0,,1089,0
1132,0,,1090,0.001
1134,0.002,,1091,0
1135,0.002,,1092,0
1136,0,,1093,0.001
1137,0,,1094,0
1138,0.001,,1095,0
1139,0.001,,1096,0
1140,0,,1097,0
1141,0,,1098,0
1142,0,,1099,0
1143,0,,1100,0.001
1144,0,,1101,0
1145,0,,1102,0
1146,0.001,,1103,0
1147,0,,1104,0
1148,0,,1105,0
1149,0,,1106,0
1150,0,,1107,0.001
1151,0,,1108,
1152,0.002,,1109,0
1153,0.015,,1110,0
1154,0.033,,1111,0
1155,0.016,,1112,0.002
1156,0.009,,1113,0
1157,0.009,,1114,0
1158,0.024,,1115,0
1159,0.038,,1116,0
1160,0,,1117,0
1161,0,,1118,0
1162,0,,1119,0
1164,0,,1120,0
1165,0,,1121,0
1166,0,,1122,0
1167,0,,1123,0
1168,0,,1124,0.001
1169,0.001,,1125,0
1170,0,,1126,0
1171,0,,1127,0
1172,0,,1128,0
1173,0,,1129,0
1174,0,,1130,0.001
1175,0,,1131,0
1176,0,,1132,0
1177,0,,1133,
1178,0,,1134,0.002
1179,0,,1135,0.002
1180,0.001,,1136,0
1181,0.001,,1137,0
1182,0,,1138,0.001
1183,0.001,,1139,0.001
1184,0,,1140,0
1185,0,,1141,0
1186,0,,1142,0
1187,0.001,,1143,0
1188,0,,1144,0
1190,0,,1145,0
1191,0,,1146,0.001
1192,0,,1147,0
1193,0,,1148,0
1194,0.001,,1149,0
1195,0,,1150,0
1196,0,,1151,0
1197,0,,1152,0.002
1198,0,,1153,0.015
1199,0,,1154,0.033
1200,0,,1155,0.016
1201,0,,1156,0.009
1202,0,,1157,0.009
1203,0,,1158,0.024
1204,0,,1159,0.038
1205,0,,1160,0
1206,0,,1161,0
1207,0,,1162,0
1208,0,,1163,
1209,0,,1164,0
1210,0,,1165,0
1211,0,,1166,0
1212,0,,1167,0
1213,0,,1168,0
1215,0.002,,1169,0.001
1216,0,,1170,0
1217,0,,1171,0
1218,0,,1172,0
1219,0,,1173,0
1220,0,,1174,0
1221,0,,1175,0
1222,0,,1176,0
1223,0,,1177,0
1224,0,,1178,0
1225,0,,1179,0
1226,0,,1180,0.001
1227,0,,1181,0.001
1228,0,,1182,0
1229,0,,1183,0.001
1230,0,,1184,0
1231,0,,1185,0
1232,0,,1186,0
1233,0,,1187,0.001
1234,0,,1188,0
1235,0,,1189,
1236,0,,1190,0
1237,0,,1191,0
1238,0,,1192,0
1239,0,,1193,0
1240,0,,1194,0.001
1241,0.002,,1195,0
1243,0.002,,1196,0
1244,0,,1197,0
1245,0,,1198,0
1246,0,,1199,0
1247,0,,1200,0
1248,0,,1201,0
1249,0,,1202,0
1250,0,,1203,0
1251,0,,1204,0
1252,0.011,,1205,0
1253,0.004,,1206,0
1254,0,,1207,0
1255,0,,1208,0
1256,0,,1209,0
1257,0,,1210,0
1258,0,,1211,0
1259,0,,1212,0
1260,0,,1213,0
1261,0,,1214,
1262,0,,1215,0.002
1263,0,,1216,0
1264,0.001,,1217,0
1265,0,,1218,0
1266,0,,1219,0
1267,0,,1220,0
1268,0,,1221,0
1269,0,,1222,0
1270,0,,1223,0
1271,0,,1224,0
1272,0,,1225,0
1273,0,,1226,0
1275,0,,1227,0
1276,0.001,,1228,0
1277,0.001,,1229,0
1278,0,,1230,0
1279,0,,1231,0
1280,0,,1232,0
1281,0,,1233,0
1282,0,,1234,0
1283,0,,1235,0
1284,0,,1236,0
1285,0,,1237,0
1286,0,,1238,0
1287,0,,1239,0
1288,0,,1240,0
1289,0,,1241,0.002
1290,0,,1242,
1291,0.001,,1243,0.002
1292,0,,1244,0
1293,0,,1245,0
1294,0,,1246,0
1295,0,,1247,0
1296,0,,1248,0
1297,0,,1249,0
1298,0,,1250,0
1299,0,,1251,0
1300,0,,1252,0.011
1302,0,,1253,0.004
1303,0,,1254,0
1304,0,,1255,0
1305,0,,1256,0
1306,0,,1257,0
1307,0,,1258,0
1308,0.002,,1259,0
1309,0,,1260,0
1310,0,,1261,0
1311,0,,1262,0
1312,0,,1263,0
1313,0,,1264,0.001
1314,0,,1265,0
1315,0.001,,1266,0
1316,0,,1267,0
1317,0,,1268,0
1318,0,,1269,0
1319,0,,1270,0
1320,0,,1271,0
1321,0.004,,1272,0
1322,0.02,,1273,0
1323,0.037,,1274,
1324,0.053,,1275,0
1325,0.016,,1276,0.001
1327,0.001,,1277,0.001
1328,0,,1278,0
1329,0.004,,1279,0
1330,0.002,,1280,0
1331,0,,1281,0
1332,0.001,,1282,0
1333,0.005,,1283,0
1334,0.013,,1284,0
1335,0,,1285,0
1336,0,,1286,0
1337,0,,1287,0
1338,0,,1288,0
1339,0,,1289,0
1340,0,,1290,0
1341,0,,1291,0.001
1342,0,,1292,0
1343,0,,1293,0
1344,0,,1294,0
1345,0.005,,1295,0
1346,0.009,,1296,0
1347,0.013,,1297,0
1348,0.013,,1298,0
1349,0.006,,1299,0
1350,0.001,,1300,0
1351,0,,1301,
1352,0,,1302,0
1354,0.001,,1303,0
1355,0,,1304,0
1356,0,,1305,0
1357,0,,1306,0
1358,0.004,,1307,0
1359,0.001,,1308,0.002
1360,0.001,,1309,0
1361,0,,1310,0
1362,0,,1311,0
1363,0,,1312,0
1364,0,,1313,0
1365,0.001,,1314,0
1366,0,,1315,0.001
1367,0.002,,1316,0
1368,0.002,,1317,0
1369,0.006,,1318,0
1370,0.001,,1319,0
1371,0.004,,1320,0
1372,0.004,,1321,0.004
1373,0,,1322,0.02
1375,0.001,,1323,0.037
1376,0.001,,1324,0.053
1377,0,,1325,0.016
1378,0,,1326,
1379,0.001,,1327,0.001
1380,0,,1328,0
1381,0,,1329,0.004
1382,0.002,,1330,0.002
1383,0.018,,1331,0
1384,0.035,,1332,0.001
1385,0.052,,1333,0.005
1386,0.071,,1334,0.013
1387,0.087,,1335,0
1388,0.106,,1336,0
1389,0.122,,1337,0
1390,0.036,,1338,0
1391,0.001,,1339,0
1392,0,,1340,0
1393,0,,1341,0
1394,0,,1342,0
1395,0,,1343,0
1396,0.001,,1344,0
1398,0.002,,1345,0.005
1399,0.001,,1346,0.009
1400,0,,1347,0.013
1401,0,,1348,0.013
1402,0,,1349,0.006
1403,0,,1350,0.001
1404,0,,1351,0
1405,0,,1352,0
1406,0,,1353,
1407,0,,1354,0.001
1408,0,,1355,0
1409,0,,1356,0
1410,0,,1357,0
1411,0,,1358,0.004
1412,0.001,,1359,0.001
1413,0,,1360,0.001
1414,0,,1361,0
1415,0,,1362,0
1416,0,,1363,0
1417,0,,1364,0
1418,0,,1365,0.001
1419,0,,1366,0
1420,0,,1367,0.002
1421,0,,1368,0.002
1422,0,,1369,0.006
1423,0,,1370,0.001
1425,0,,1371,0.004
1426,0,,1372,0.004
1427,0,,1373,0
1428,0.001,,1374,
1429,0,,1375,0.001
1430,0,,1376,0.001
1431,0,,1377,0
1432,0.001,,1378,0
1433,0.001,,1379,0.001
1434,0.002,,1380,0
1435,0.001,,1381,0
1436,0,,1382,0.002
1437,0,,1383,0.018
1438,0.002,,1384,0.035
1439,0.001,,1385,0.052
1440,0,,1386,0.071
1441,0,,1387,0.087
1442,0,,1388,0.106
1443,0.001,,1389,0.122
1444,0,,1390,0.036
1446,0,,1391,0.001
1447,0.002,,1392,0
1448,0,,1393,0
1449,0,,1394,0
1450,0,,1395,0
1451,0,,1396,0.001
1452,0.001,,1397,
1453,0.001,,1398,0.002
1454,0.005,,1399,0.001
1455,0,,1400,0
1456,0.001,,1401,0
1457,0,,1402,0
1458,0.001,,1403,0
1459,0.001,,1404,0
1460,0,,1405,0
1461,0,,1406,0
1462,0.001,,1407,0
1463,0,,1408,0
1464,0,,1409,0
1465,0,,1410,0
1466,0.003,,1411,0
1467,0,,1412,0.001
1469,0.002,,1413,0
1470,0.001,,1414,0
1471,0,,1415,0
1472,0,,1416,0
1473,0.003,,1417,0
1474,0.001,,1418,0
1475,0.001,,1419,0
1476,0,,1420,0
1477,0,,1421,0
1478,0.002,,1422,0
1479,0,,1423,0
1480,0,,1424,
1481,0.001,,1425,0
1482,0.001,,1426,0
1483,0,,1427,0
1484,0.001,,1428,0.001
1485,0,,1429,0
1486,0,,1430,0
1487,0,,1431,0
1488,0,,1432,0.001
1489,0,,1433,0.001
1490,0,,1434,0.002
1492,0,,1435,0.001
1493,0,,1436,0
1494,0,,1437,0
1495,0,,1438,0.002
1496,0,,1439,0.001
1497,0,,1440,0
1498,0,,1441,0
1499,0,,1442,0
1500,0.001,,1443,0.001
1501,0,,1444,0
1502,0,,1445,
1503,0,,1446,0
1504,0.001,,1447,0.002
1505,0,,1448,0
1506,0,,1449,0
1507,0,,1450,0
1508,0.002,,1451,0
1509,0.001,,1452,0.001
1510,0,,1453,0.001
1511,0,,1454,0.005
1512,0,,1455,0
1513,0,,1456,0.001
1514,0,,1457,0
1515,0.001,,1458,0.001
1516,0.001,,1459,0.001
1518,0,,1460,0
1519,0,,1461,0
1520,0,,1462,0.001
1521,0,,1463,0
1522,0,,1464,0
1523,0,,1465,0
1524,0,,1466,0.003
1525,0.002,,1467,0
1526,0.013,,1468,
1527,0.031,,1469,0.002
1528,0.049,,1470,0.001
1529,0.066,,1471,0
1530,0.084,,1472,0
1531,0.099,,1473,0.003
1532,0.063,,1474,0.001
1533,0.007,,1475,0.001
1534,0.013,,1476,0
1535,0.014,,1477,0
1536,0.002,,1478,0.002
1537,0.009,,1479,0
1538,0,,1480,0
1539,0,,1481,0.001
1541,0,,1482,0.001
1542,0,,1483,0
1543,0,,1484,0.001
1544,0,,1485,0
1545,0,,1486,0
1546,0,,1487,0
1547,0,,1488,0
1548,0,,1489,0
1549,0,,1490,0
1550,0.001,,1491,
1551,0.001,,1492,0
1552,0,,1493,0
1553,0.001,,1494,0
1554,0.001,,1495,0
1555,0.001,,1496,0
1556,0,,1497,0
1557,0,,1498,0
1558,0,,1499,0
1559,0,,1500,0.001
1560,0.001,,1501,0
1561,0.001,,1502,0
1562,0,,1503,0
1563,0,,1504,0.001
1564,0,,1505,0
1565,0.002,,1506,0
1567,0,,1507,0
1568,0,,1508,0.002
1569,0,,1509,0.001
1570,0.001,,1510,0
1571,0.001,,1511,0
1572,0,,1512,0
1573,0,,1513,0
1574,0,,1514,0
1575,0,,1515,0.001
1576,0,,1516,0.001
1577,0,,1517,
1578,0.001,,1518,0
1579,0,,1519,0
1580,0,,1520,0
1581,0,,1521,0
1582,0,,1522,0
1583,0,,1523,0
1584,0,,1524,0
1585,0.004,,1525,0.002
1586,0.009,,1526,0.013
1587,0.013,,1527,0.031
1588,0.009,,1528,0.049
1589,0.02,,1529,0.066
1590,0.013,,1530,0.084
1592,0.031,,1531,0.099
1593,0.048,,1532,0.063
1594,0.062,,1533,0.007
1595,0.009,,1534,0.013
1596,0.027,,1535,0.014
1597,0.007,,1536,0.002
1598,0.005,,1537,0.009
1599,0.005,,1538,0
1600,0.005,,1539,0
1601,0.004,,1540,
1602,0.002,,1541,0
1603,0,,1542,0
1604,0,,1543,0
1605,0.001,,1544,0
1606,0,,1545,0
1607,0,,1546,0
1608,0,,1547,0
1609,0,,1548,0
1610,0,,1549,0
1611,0,,1550,0.001
1613,0,,1551,0.001
1614,0,,1552,0
1615,0,,1553,0.001
1616,0,,1554,0.001
1617,0,,1555,0.001
1618,0,,1556,0
1619,0,,1557,0
1620,0,,1558,0
1621,0,,1559,0
1622,0.001,,1560,0.001
1623,0,,1561,0.001
1624,0.001,,1562,0
1625,0,,1563,0
1626,0,,1564,0
1627,0,,1565,0.002
1628,0,,1566,
1629,0,,1567,0
1630,0,,1568,0
1631,0,,1569,0
1632,0,,1570,0.001
1633,0,,1571,0.001
1634,0,,1572,0
1635,0,,1573,0
1636,0,,1574,0
1637,0,,1575,0
1638,0,,1576,0
1639,0,,1577,0
1640,0.001,,1578,0.001
1642,0.011,,1579,0
1643,0.006,,1580,0
1644,0,,1581,0
1645,0,,1582,0
1646,0,,1583,0
1647,0.001,,1584,0
1648,0,,1585,0.004
1649,0,,1586,0.009
1650,0,,1587,0.013
1651,0,,1588,0.009
1652,0,,1589,0.02
1653,0,,1590,0.013
1654,0,,1591,
1655,0,,1592,0.031
1656,0.001,,1593,0.048
1657,0,,1594,0.062
1658,0,,1595,0.009
1659,0,,1596,0.027
1660,0,,1597,0.007
1661,0.001,,1598,0.005
1662,0,,1599,0.005
1663,0,,1600,0.005
1664,0,,1601,0.004
1665,0,,1602,0.002
1666,0.001,,1603,0
1667,0,,1604,0
1668,0,,1605,0.001
1670,0,,1606,0
1671,0,,1607,0
1672,0,,1608,0
1673,0,,1609,0
1674,0,,1610,0
1675,0,,1611,0
1676,0,,1612,
1677,0,,1613,0
1678,0.002,,1614,0
1679,0,,1615,0
1680,0,,1616,0
1681,0,,1617,0
1682,0,,1618,0
1683,0,,1619,0
1684,0.001,,1620,0
1685,0,,1621,0
1686,0,,1622,0.001
1687,0,,1623,0
1688,0.001,,1624,0.001
1689,0.001,,1625,0
1690,0.007,,1626,0
1691,0.002,,1627,0
1693,0,,1628,0
1694,0,,1629,0
1695,0,,1630,0
1696,0,,1631,0
1697,0,,1632,0
1698,0,,1633,0
1699,0,,1634,0
1700,0,,1635,0
1701,0,,1636,0
1702,0,,1637,0
1703,0,,1638,0
1704,0,,1639,0
1705,0,,1640,0.001
1706,0,,1641,
1707,0,,1642,0.011
1708,0,,1643,0.006
1709,0,,1644,0
1710,0,,1645,0
1711,0,,1646,0
1712,0,,1647,0.001
1713,0,,1648,0
1714,0,,1649,0
1715,0,,1650,0
1716,0,,1651,0
1717,0,,1652,0
1718,0,,1653,0
1719,0,,1654,0
1720,0,,1655,0
1721,0,,1656,0.001
1722,0,,1657,0
1723,0,,1658,0
1724,0,,1659,0
1725,0,,1660,0
1726,0,,1661,0.001
1727,0,,1662,0
1728,0,,1663,0
1730,0,,1664,0
1731,0,,1665,0
1732,0,,1666,0.001
1733,0,,1667,0
1734,0,,1668,0
1735,0,,1669,
1736,0,,1670,0
1737,0,,1671,0
1738,0,,1672,0
1739,0,,1673,0
1740,0,,1674,0
1741,0,,1675,0
1742,0,,1676,0
1743,0,,1677,0
1744,0,,1678,0.002
1745,0,,1679,0
1746,0,,1680,0
1747,0,,1681,0
1748,0,,1682,0
1749,0,,1683,0
1750,0,,1684,0.001
1751,0,,1685,0
1752,0,,1686,0
1753,0.001,,1687,0
1754,0,,1688,0.001
1755,0.004,,1689,0.001
1756,0.002,,1690,0.007
1757,0.009,,1691,0.002
1758,0.015,,1692,
1759,0.004,,1693,0
1761,0.008,,1694,0
1762,0.007,,1695,0
1763,0.018,,1696,0
1764,0.036,,1697,0
1765,0.007,,1698,0
1766,0.007,,1699,0
1767,0.003,,1700,0
1768,0.012,,1701,0
1769,0.01,,1702,0
1770,0.028,,1703,0
1771,0.002,,1704,0
1772,0.014,,1705,0
1773,0.009,,1706,0
1774,0.011,,1707,0
1775,0.02,,1708,0
1776,0.008,,1709,0
1777,0.015,,1710,0
1778,0.015,,1711,0
1779,0.005,,1712,0
1780,0.006,,1713,0
1781,0.01,,1714,0
1782,0.014,,1715,0
1783,0.002,,1716,0
1784,0.008,,1717,0
1785,0.009,,1718,0
1786,0,,1719,0
1787,0,,1720,0
1789,0,,1721,0
1790,0,,1722,0
1791,0.001,,1723,0
1792,0.001,,1724,0
1793,0,,1725,0
1794,0,,1726,0
1795,0,,1727,0
1796,0,,1728,0
1797,0.002,,1729,
1798,0.006,,1730,0
1799,0.006,,1731,0
1800,0.004,,1732,0
1801,0,,1733,0
1802,0,,1734,0
1803,0,,1735,0
1804,0,,1736,0
1805,0,,1737,0
1806,0,,1738,0
1807,0,,1739,0
1808,0.001,,1740,0
1809,0.001,,1741,0
1810,0,,1742,0
1811,0.001,,1743,0
1812,0,,1744,0
1813,0,,1745,0
1814,0,,1746,0
1815,0,,1747,0
1816,0,,1748,0
1818,0,,1749,0
1819,0,,1750,0
1820,0,,1751,0
1821,0,,1752,0
1822,0,,1753,0.001
1823,0,,1754,0
1824,0,,1755,0.004
1825,0.001,,1756,0.002
1826,0,,1757,0.009
1827,0.001,,1758,0.015
1828,0,,1759,0.004
1829,0,,1760,
1830,0.001,,1761,0.008
1831,0.001,,1762,0.007
1832,0.001,,1763,0.018
1833,0,,1764,0.036
1834,0,,1765,0.007
1835,0,,1766,0.007
1836,0,,1767,0.003
1837,0,,1768,0.012
1839,0,,1769,0.01
1840,0.001,,1770,0.028
1841,0,,1771,0.002
1842,0,,1772,0.014
1843,0,,1773,0.009
1844,0,,1774,0.011
1845,0,,1775,0.02
1846,0,,1776,0.008
1847,0,,1777,0.015
1848,0,,1778,0.015
1849,0.002,,1779,0.005
1850,0.016,,1780,0.006
1851,0,,1781,0.01
1852,0.001,,1782,0.014
1853,0,,1783,0.002
1854,0.001,,1784,0.008
1855,0.007,,1785,0.009
1856,0.02,,1786,0
1857,0.008,,1787,0
1858,0.017,,1788,
1859,0.006,,1789,0
1860,0.015,,1790,0
1861,0.024,,1791,0.001
1862,0.014,,1792,0.001
1864,0.031,,1793,0
1865,0.048,,1794,0
1866,0.046,,1795,0
1867,0.015,,1796,0
1868,0.032,,1797,0.002
1869,0.05,,1798,0.006
1870,0.011,,1799,0.006
1871,0,,1800,0.004
1872,0,,1801,0
1873,0,,1802,0
1874,0.001,,1803,0
1875,0.003,,1804,0
1876,0.019,,1805,0
1877,0.009,,1806,0
1878,0.022,,1807,0
1879,0.006,,1808,0.001
1880,0.021,,1809,0.001
1881,0.038,,1810,0
1882,0.056,,1811,0.001
1883,0.072,,1812,0
1884,0.03,,1813,0
1885,0.002,,1814,0
1886,0.008,,1815,0
1887,0.024,,1816,0
1888,0.041,,1817,
1889,0.06,,1818,0
1890,0.077,,1819,0
1891,0.096,,1820,0
1893,0.089,,1821,0
1894,0,,1822,0
1895,0,,1823,0
1896,0.002,,1824,0
1897,0.007,,1825,0.001
1898,0.024,,1826,0
1899,0.004,,1827,0.001
1900,0.004,,1828,0
1901,0.009,,1829,0
1902,0.006,,1830,0.001
1903,0.008,,1831,0.001
1904,0,,1832,0.001
1905,0.001,,1833,0
1906,0,,1834,0
1907,0,,1835,0
1908,0,,1836,0
1909,0,,1837,0
1910,0,,1838,
1911,0,,1839,0
1912,0,,1840,0.001
1913,0,,1841,0
1915,0,,1842,0
1916,0,,1843,0
1917,0,,1844,0
1918,0,,1845,0
1919,0,,1846,0
1920,0.001,,1847,0
1921,0.001,,1848,0
1922,0,,1849,0.002
1923,0,,1850,0.016
1924,0,,1851,0
1925,0,,1852,0.001
1926,0,,1853,0
1927,0,,1854,0.001
1928,0,,1855,0.007
1929,0,,1856,0.02
1930,0.001,,1857,0.008
1931,0,,1858,0.017
1932,0,,1859,0.006
1933,0,,1860,0.015
1934,0,,1861,0.024
1935,0,,1862,0.014
1936,0,,1863,
1938,0,,1864,0.031
1939,0,,1865,0.048
1940,0,,1866,0.046
1941,0,,1867,0.015
1942,0,,1868,0.032
1943,0,,1869,0.05
1944,0,,1870,0.011
1945,0,,1871,0
1946,0,,1872,0
1947,0,,1873,0
1948,0.001,,1874,0.001
1949,0,,1875,0.003
1950,0.001,,1876,0.019
1951,0.001,,1877,0.009
1952,0,,1878,0.022
1953,0.002,,1879,0.006
1954,0.001,,1880,0.021
1955,0,,1881,0.038
1956,0.001,,1882,0.056
1957,0,,1883,0.072
1958,0,,1884,0.03
1959,0,,1885,0.002
1960,0,,1886,0.008
1961,0,,1887,0.024
1962,0,,1888,0.041
1963,0,,1889,0.06
1965,0,,1890,0.077
1966,0,,1891,0.096
1967,0.001,,1892,
1968,0,,1893,0.089
1969,0,,1894,0
1970,0.002,,1895,0
1971,0.002,,1896,0.002
1972,0,,1897,0.007
1973,0,,1898,0.024
1974,0.001,,1899,0.004
1975,0,,1900,0.004
1976,0,,1901,0.009
1977,0,,1902,0.006
1978,0.001,,1903,0.008
1979,0.002,,1904,0
1980,0,,1905,0.001
1981,0,,1906,0
1982,0,,1907,0
1983,0.001,,1908,0
1984,0.008,,1909,0
1985,0.007,,1910,0
1986,0.005,,1911,0
1987,0,,1912,0
1988,0,,1913,0
1990,0,,1914,
1991,0.002,,1915,0
1992,0,,1916,0
1993,0,,1917,0
1994,0,,1918,0
1995,0,,1919,0
1996,0.007,,1920,0.001
1997,0.024,,1921,0.001
1998,0.042,,1922,0
1999,0.06,,1923,0
2000,0.078,,1924,0
2001,0.094,,1925,0
2002,0.11,,1926,0
2003,0.131,,1927,0
2004,0.146,,1928,0
2005,0.168,,1929,0
2006,0.178,,1930,0.001
2007,0.201,,1931,0
2008,0.218,,1932,0
2009,0.233,,1933,0
2010,0.132,,1934,0
2011,0,,1935,0
2013,0,,1936,0
2014,0,,1937,
2015,0,,1938,0
2016,0,,1939,0
2017,0,,1940,0
2018,0.001,,1941,0
2019,0,,1942,0
2020,0,,1943,0
2021,0,,1944,0
2022,0.001,,1945,0
2023,0,,1946,0
2024,0,,1947,0
2025,0,,1948,0.001
2026,0.001,,1949,0
2027,0.001,,1950,0.001
2028,0.001,,1951,0.001
2029,0,,1952,0
2030,0,,1953,0.002
2031,0,,1954,0.001
2032,0,,1955,0
2033,0,,1956,0.001
2034,0.001,,1957,0
2036,0,,1958,0
2037,0,,1959,0
2038,0,,1960,0
2039,0,,1961,0
2040,0,,1962,0
2041,0,,1963,0
2042,0,,1964,
2043,0.001,,1965,0
2044,0.002,,1966,0
2045,0.001,,1967,0.001
2046,0.001,,1968,0
2047,0.001,,1969,0
2048,0,,1970,0.002
2049,0.001,,1971,0.002
2050,0.002,,1972,0
2051,0.001,,1973,0
2052,0,,1974,0.001
2053,0,,1975,0
2054,0.001,,1976,0
2055,0,,1977,0
2056,0.004,,1978,0.001
2057,0.001,,1979,0.002
2058,0,,1980,0
2059,0.001,,1981,0
2061,0,,1982,0
2062,0,,1983,0.001
2063,0,,1984,0.008
2064,0,,1985,0.007
2065,0,,1986,0.005
2066,0,,1987,0
2067,0,,1988,0
2068,0,,1989,
2069,0.001,,1990,0
2070,0,,1991,0.002
2071,0,,1992,0
2072,0.001,,1993,0
2073,0,,1994,0
2074,0,,1995,0
2075,0,,1996,0.007
2076,0,,1997,0.024
2077,0,,1998,0.042
2078,0,,1999,0.06
2079,0,,2000,0.078
2081,0,,2001,0.094
2082,0,,2002,0.11
2083,0,,2003,0.131
2084,0,,2004,0.146
2085,0,,2005,0.168
2086,0,,2006,0.178
2087,0,,2007,0.201
2088,0.001,,2008,0.218
2089,0,,2009,0.233
2090,0,,2010,0.132
2091,0,,2011,0
2092,0,,2012,
2093,0.002,,2013,0
2094,0.001,,2014,0
2095,0,,2015,0
2096,0,,2016,0
2097,0,,2017,0
2098,0,,2018,0.001
2099,0.002,,2019,0
2100,0,,2020,0
2101,0,,2021,0
2102,0.001,,2022,0.001
2103,0,,2023,0
2104,0,,2024,0
2105,0.002,,2025,0
2106,0.001,,2026,0.001
2108,0,,2027,0.001
2109,0.003,,2028,0.001
2110,0,,2029,0
2111,0,,2030,0
2112,0,,2031,0
2113,0,,2032,0
2114,0,,2033,0
2115,0,,2034,0.001
2116,0,,2035,
2117,0,,2036,0
2118,0,,2037,0
2119,0,,2038,0
2120,0,,2039,0
2121,0.001,,2040,0
2122,0.002,,2041,0
2123,0.005,,2042,0
2124,0.006,,2043,0.001
2125,0.002,,2044,0.002
2126,0.001,,2045,0.001
2127,0,,2046,0.001
2128,0.001,,2047,0.001
2129,0.001,,2048,0
2130,0.001,,2049,0.001
2131,0.002,,2050,0.002
2132,0.002,,2051,0.001
2134,0,,2052,0
2135,0,,2053,0
2136,0,,2054,0.001
2137,0,,2055,0
2138,0,,2056,0.004
2139,0,,2057,0.001
2140,0.004,,2058,0
2141,0.003,,2059,0.001
2142,0.001,,2060,
2143,0.003,,2061,0
2144,0,,2062,0
2145,0.001,,2063,0
2146,0,,2064,0
2147,0,,2065,0
2148,0.001,,2066,0
2149,0.005,,2067,0
2150,0.001,,2068,0
2151,0.003,,2069,0.001
2152,0.001,,2070,0
2153,0,,2071,0
2154,0,,2072,0.001
2155,0.007,,2073,0
2157,0,,2074,0
2158,0.002,,2075,0
2159,0.004,,2076,0
2160,0.003,,2077,0
2161,0.003,,2078,0
2162,0.001,,2079,0
2163,0.003,,2080,
2164,0.002,,2081,0
2165,0.005,,2082,0
2166,0.001,,2083,0
2167,0,,2084,0
2168,0.002,,2085,0
2169,0.016,,2086,0
2170,0.01,,2087,0
2171,0.007,,2088,0.001
2172,0.002,,2089,0
2173,0.001,,2090,0
2174,0.004,,2091,0
2175,0.007,,2092,0
2176,0.001,,2093,0.002
2177,0,,2094,0.001
2178,0.002,,2095,0
2179,0,,2096,0
2180,0.001,,2097,0
2181,0.005,,2098,0
2182,0.004,,2099,0.002
2184,0.001,,2100,0
2185,0,,2101,0
2186,0.002,,2102,0.001
2187,0.002,,2103,0
2188,0.003,,2104,0
2189,0.007,,2105,0.002
2190,0.004,,2106,0.001
2191,0.001,,2107,
2192,0.001,,2108,0
2193,0.006,,2109,0.003
2194,0.002,,2110,0
2195,0.002,,2111,0
2196,0.001,,2112,0
2197,0.002,,2113,0
2198,0.003,,2114,0
2199,0.002,,2115,0
2200,0.002,,2116,0
2201,0.002,,2117,0
2202,0.002,,2118,0
2203,0.013,,2119,0
2204,0.003,,2120,0
2205,0,,2121,0.001
2206,0.003,,2122,0.002
2207,0.002,,2123,0.005
2209,0.004,,2124,0.006
2210,0.016,,2125,0.002
2211,0.007,,2126,0.001
2212,0.004,,2127,0
2213,0.002,,2128,0.001
2214,0.002,,2129,0.001
2215,0.002,,2130,0.001
2216,0.002,,2131,0.002
2217,0.002,,2132,0.002
2218,0.001,,2133,
2219,0,,2134,0
2220,0,,2135,0
2221,0,,2136,0
2222,0,,2137,0
2223,0.001,,2138,0
2224,0,,2139,0
2225,0,,2140,0.004
2226,0,,2141,0.003
2227,0,,2142,0.001
2228,0,,2143,0.003
2229,0,,2144,0
2230,0.002,,2145,0.001
2231,0.001,,2146,0
2232,0.005,,2147,0
2233,0.002,,2148,0.001
2234,0.001,,2149,0.005
2235,0.002,,2150,0.001
2236,0.004,,2151,0.003
2238,0.005,,2152,0.001
2239,0.002,,2153,0
2240,0.003,,2154,0
2241,0.002,,2155,0.007
2242,0.004,,2156,
2243,0.002,,2157,0
2244,0.002,,2158,0.002
2245,0.004,,2159,0.004
2246,0.002,,2160,0.003
2247,0.001,,2161,0.003
2248,0.001,,2162,0.001
2249,0,,2163,0.003
2250,0,,2164,0.002
2251,0,,2165,0.005
2252,0.003,,2166,0.001
2253,0.001,,2167,0
2254,0.001,,2168,0.002
2255,0.005,,2169,0.016
2256,0,,2170,0.01
2257,0.002,,2171,0.007
2258,0.011,,2172,0.002
2259,0,,2173,0.001
2260,0,,2174,0.004
2261,0.002,,2175,0.007
2262,0.001,,2176,0.001
2264,0.001,,2177,0
2265,0.002,,2178,0.002
2266,0.001,,2179,0
2267,0.002,,2180,0.001
2268,0.001,,2181,0.005
2269,0,,2182,0.004
2270,0,,2183,
2271,0,,2184,0.001
2272,0,,2185,0
2273,0,,2186,0.002
2274,0,,2187,0.002
2275,0,,2188,0.003
2276,0,,2189,0.007
2277,0,,2190,0.004
2278,0,,2191,0.001
2279,0,,2192,0.001
2280,0,,2193,0.006
2281,0,,2194,0.002
2282,0,,2195,0.002
2283,0,,2196,0.001
2284,0,,2197,0.002
2285,0,,2198,0.003
2286,0,,2199,0.002
2288,0,,2200,0.002
2289,0,,2201,0.002
2290,0,,2202,0.002
2291,0,,2203,0.013
2292,0,,2204,0.003
2293,0,,2205,0
2294,0,,2206,0.003
2295,0,,2207,0.002
2296,0,,2208,
2297,0,,2209,0.004
2298,0,,2210,0.016
2299,0,,2211,0.007
2300,0.007,,2212,0.004
2301,0,,2213,0.002
2302,0,,2214,0.002
2303,0,,2215,0.002
2304,0,,2216,0.002
2305,0.002,,2217,0.002
2306,0.001,,2218,0.001
2307,0.001,,2219,0
2308,0.001,,2220,0
2309,0.005,,2221,0
2310,0.001,,2222,0
2311,0.002,,2223,0.001
2313,0.001,,2224,0
2314,0,,2225,0
2315,0,,2226,0
2316,0,,2227,0
2317,0,,2228,0
2318,0.001,,2229,0
2319,0.001,,2230,0.002
2320,0,,2231,0.001
2321,0,,2232,0.005
2322,0,,2233,0.002
2323,0,,2234,0.001
2324,0,,2235,0.002
2325,0,,2236,0.004
2326,0.001,,2237,
2327,0,,2238,0.005
2328,0,,2239,0.002
2329,0,,2240,0.003
2330,0,,2241,0.002
2331,0.001,,2242,0.004
2332,0,,2243,0.002
2333,0,,2244,0.002
2334,0,,2245,0.004
2335,0,,2246,0.002
2336,0,,2247,0.001
2337,0,,2248,0.001
2339,0,,2249,0
2340,0,,2250,0
2341,0.002,,2251,0
2342,0.003,,2252,0.003
2343,0,,2253,0.001
2344,0,,2254,0.001
2345,0,,2255,0.005
2346,0,,2256,0
2347,0.001,,2257,0.002
2348,0.001,,2258,0.011
2349,0,,2259,0
2350,0.001,,2260,0
2351,0,,2261,0.002
2352,0.001,,2262,0.001
2353,0.001,,2263,
2354,0.006,,2264,0.001
2355,0,,2265,0.002
2356,0,,2266,0.001
2357,0.001,,2267,0.002
2358,0.002,,2268,0.001
2359,0.002,,2269,0
2360,0.001,,2270,0
2361,0.001,,2271,0
2363,0,,2272,0
2364,0.001,,2273,0
2365,0,,2274,0
2366,0.001,,2275,0
2367,0,,2276,0
2368,0.001,,2277,0
2369,0,,2278,0
2370,0,,2279,0
2371,0,,2280,0
2372,0.001,,2281,0
2373,0,,2282,0
2374,0,,2283,0
2375,0.001,,2284,0
2376,0.001,,2285,0
2377,0.013,,2286,0
2378,0.007,,2287,
2379,0,,2288,0
2380,0,,2289,0
2381,0,,2290,0
2382,0,,2291,0
2383,0.002,,2292,0
2384,0,,2293,0
2385,0,,2294,0
2386,0,,2295,0
2388,0,,2296,0
2389,0,,2297,0
2390,0,,2298,0
2391,0,,2299,0
2392,0.001,,2300,0.007
2393,0,,2301,0
2394,0,,2302,0
2395,0,,2303,0
2396,0,,2304,0
2397,0,,2305,0.002
2398,0,,2306,0.001
2399,0,,2307,0.001
2400,0,,2308,0.001
2401,0.001,,2309,0.005
2402,0,,2310,0.001
2403,0,,2311,0.002
2404,0,,2312,
2405,0,,2313,0.001
2406,0,,2314,0
2407,0,,2315,0
2408,0,,2316,0
2409,0,,2317,0
2410,0.002,,2318,0.001
2412,0.001,,2319,0.001
2413,0.002,,2320,0
2414,0.001,,2321,0
2415,0,,2322,0
2416,0.001,,2323,0
2417,0.001,,2324,0
2418,0,,2325,0
2419,0.001,,2326,0.001
2420,0,,2327,0
2421,0,,2328,0
2422,0,,2329,0
2423,0,,2330,0
2424,0,,2331,0.001
2425,0,,2332,0
2426,0,,2333,0
2427,0,,2334,0
2428,0,,2335,0
2429,0,,2336,0
2430,0,,2337,0
2431,0.002,,2338,
2432,0,,2339,0
2433,0,,2340,0
2435,0.001,,2341,0.002
2436,0,,2342,0.003
2437,0,,2343,0
2438,0.001,,2344,0
2439,0,,2345,0
2440,0,,2346,0
2441,0,,2347,0.001
2442,0,,2348,0.001
2443,0.002,,2349,0
2444,0,,2350,0.001
2445,0,,2351,0
2446,0.001,,2352,0.001
2447,0,,2353,0.001
2448,0,,2354,0.006
2449,0,,2355,0
2450,0,,2356,0
2451,0,,2357,0.001
2452,0,,2358,0.002
2453,0,,2359,0.002
2454,0,,2360,0.001
2455,0,,2361,0.001
2456,0,,2362,
2457,0,,2363,0
2458,0.001,,2364,0.001
2460,0.001,,2365,0
2461,0.003,,2366,0.001
2462,0.001,,2367,0
2463,0,,2368,0.001
2464,0,,2369,0
2465,0,,2370,0
2466,0,,2371,0
2467,0.001,,2372,0.001
2468,0,,2373,0
2469,0,,2374,0
2470,0,,2375,0.001
2471,0,,2376,0.001
2472,0,,2377,0.013
2473,0,,2378,0.007
2474,0.001,,2379,0
2475,0,,2380,0
2476,0,,2381,0
2477,0,,2382,0
2478,0.001,,2383,0.002
2479,0.001,,2384,0
2480,0.001,,2385,0
2481,0,,2386,0
2483,0,,2387,
2484,0,,2388,0
2485,0,,2389,0
2486,0.004,,2390,0
2487,0,,2391,0
2488,0,,2392,0.001
2489,0,,2393,0
2490,0,,2394,0
2491,0,,2395,0
2492,0,,2396,0
2493,0,,2397,0
2494,0,,2398,0
2495,0.001,,2399,0
2496,0,,2400,0
2497,0,,2401,0.001
2498,0,,2402,0
2499,0,,2403,0
2500,0,,2404,0
2501,0,,2405,0
2502,0,,2406,0
2503,0,,2407,0
2504,0,,2408,0
2505,0,,2409,0
2506,0.001,,2410,0.002
2508,0.003,,2411,
2509,0.004,,2412,0.001
2510,0.003,,2413,0.002
2511,0.005,,2414,0.001
2512,0.011,,2415,0
2513,0.006,,2416,0.001
2514,0.001,,2417,0.001
2515,0,,2418,0
2516,0.005,,2419,0.001
2517,0.02,,2420,0
2518,0.038,,2421,0
2519,0.023,,2422,0
2520,0.004,,2423,0
2521,0,,2424,0
2522,0.002,,2425,0
2523,0,,2426,0
2524,0,,2427,0
2525,0,,2428,0
2526,0,,2429,0
2527,0.001,,2430,0
2528,0,,2431,0.002
2529,0,,2432,0
2530,0,,2433,0
2531,0,,2434,
2532,0,,2435,0.001
2534,0,,2436,0
2535,0,,2437,0
2536,0.001,,2438,0.001
2537,0.001,,2439,0
2538,0,,2440,0
2539,0,,2441,0
2540,0,,2442,0
2541,0,,2443,0.002
2542,0,,2444,0
2543,0.001,,2445,0
2544,0,,2446,0.001
2545,0,,2447,0
2546,0,,2448,0
2547,0,,2449,0
2548,0,,2450,0
2549,0,,2451,0
2550,0,,2452,0
2551,0,,2453,0
2552,0,,2454,0
2553,0,,2455,0
2554,0,,2456,0
2555,0,,2457,0
2556,0,,2458,0.001
2557,0.001,,2459,
2559,0,,2460,0.001
2560,0,,2461,0.003
2561,0,,2462,0.001
2562,0,,2463,0
2563,0,,2464,0
2564,0,,2465,0
2565,0,,2466,0
2566,0,,2467,0.001
2567,0.001,,2468,0
2568,0,,2469,0
2569,0,,2470,0
2570,0.001,,2471,0
2571,0.001,,2472,0
2572,0,,2473,0
2573,0,,2474,0.001
2574,0,,2475,0
2575,0,,2476,0
2576,0,,2477,0
2577,0.001,,2478,0.001
2578,0,,2479,0.001
2579,0,,2480,0.001
2580,0,,2481,0
2581,0,,2482,
2582,0,,2483,0
2584,0,,2484,0
2585,0,,2485,0
2586,0,,2486,0.004
2587,0,,2487,0
2588,0,,2488,0
2589,0,,2489,0
2590,0,,2490,0
2591,0,,2491,0
2592,0,,2492,0
2593,0,,2493,0
2594,0,,2494,0
2595,0,,2495,0.001
2596,0,,2496,0
2597,0,,2497,0
2598,0,,2498,0
2599,0,,2499,0
2600,0,,2500,0
2601,0,,2501,0
2602,0,,2502,0
2603,0,,2503,0
2604,0,,2504,0
2605,0,,2505,0
2606,0,,2506,0.001
2608,0,,2507,
2609,0,,2508,0.003
2610,0,,2509,0.004
2611,0,,2510,0.003
2612,0.001,,2511,0.005
2613,0,,2512,0.011
2614,0,,2513,0.006
2615,0,,2514,0.001
2616,0,,2515,0
2617,0,,2516,0.005
2618,0,,2517,0.02
2619,0,,2518,0.038
2620,0,,2519,0.023
2621,0,,2520,0.004
2622,0,,2521,0
2623,0,,2522,0.002
2624,0.001,,2523,0
2625,0,,2524,0
2626,0,,2525,0
2627,0,,2526,0
2628,0,,2527,0.001
2629,0,,2528,0
2630,0.001,,2529,0
2632,0,,2530,0
2633,0.001,,2531,0
2634,0.003,,2532,0
2635,0.001,,2533,
2636,0.001,,2534,0
2637,0,,2535,0
2638,0,,2536,0.001
2639,0,,2537,0.001
2640,0,,2538,0
2641,0,,2539,0
2642,0,,2540,0
2643,0,,2541,0
2644,0,,2542,0
2645,0,,2543,0.001
2646,0,,2544,0
2647,0,,2545,0
2648,0,,2546,0
2649,0,,2547,0
2650,0,,2548,0
2651,0,,2549,0
2652,0,,2550,0
2653,0.001,,2551,0
2654,0,,2552,0
2655,0.004,,2553,0
2656,0.002,,2554,0
2657,0.001,,2555,0
2658,0.001,,2556,0
2659,0,,2557,0.001
2660,0,,2558,
2661,0,,2559,0
2662,0.001,,2560,0
2664,0.002,,2561,0
2665,0.001,,2562,0
2666,0.001,,2563,0
2667,0.002,,2564,0
2668,0.001,,2565,0
2669,0,,2566,0
2670,0.001,,2567,0.001
2671,0.001,,2568,0
2672,0.001,,2569,0
2673,0.001,,2570,0.001
2674,0.001,,2571,0.001
2675,0.015,,2572,0
2676,0.033,,2573,0
2677,0.011,,2574,0
2678,0.001,,2575,0
2679,0,,2576,0
2680,0.007,,2577,0.001
2681,0.006,,2578,0
2682,0,,2579,0
2683,0.001,,2580,0
2684,0,,2581,0
2685,0.001,,2582,0
2686,0,,2583,
2687,0.003,,2584,0
2688,0,,2585,0
2690,0.001,,2586,0
2691,0,,2587,0
2692,0.007,,2588,0
2693,0.007,,2589,0
2694,0.003,,2590,0
2695,0.001,,2591,0
2696,0.002,,2592,0
2697,0.004,,2593,0
2698,0.006,,2594,0
2699,0.012,,2595,0
2700,0,,2596,0
2701,0,,2597,0
2702,0,,2598,0
2703,0,,2599,0
2704,0,,2600,0
2705,0,,2601,0
2706,0,,2602,0
2707,0,,2603,0
2708,0,,2604,0
2709,0,,2605,0
2710,0,,2606,0
2711,0,,2607,
2712,0,,2608,0
2713,0,,2609,0
,,,2610,0
,,,2611,0
,,,2612,0.001
,,,2613,0
,,,2614,0
,,,2615,0
,,,2616,0
,,,2617,0
,,,2618,0
,,,2619,0
,,,2620,0
,,,2621,0
,,,2622,0
,,,2623,0
,,,2624,0.001
,,,2625,0
,,,2626,0
,,,2627,0
,,,2628,0
,,,2629,0
,,,2630,0.001
,,,2631,
,,,2632,0
,,,2633,0.001
,,,2634,0.003
,,,2635,0.001
,,,2636,0.001
,,,2637,0
,,,2638,0
,,,2639,0
,,,2640,0
,,,2641,0
,,,2642,0
,,,2643,0
,,,2644,0
,,,2645,0
,,,2646,0
,,,2647,0
,,,2648,0
,,,2649,0
,,,2650,0
,,,2651,0
,,,2652,0
,,,2653,0.001
,,,2654,0
,,,2655,0.004
,,,2656,0.002
,,,2657,0.001
,,,2658,0.001
,,,2659,0
,,,2660,0
,,,2661,0
,,,2662,0.001
,,,2663,
,,,2664,0.002
,,,2665,0.001
,,,2666,0.001
,,,2667,0.002
,,,2668,0.001
,,,2669,0
,,,2670,0.001
,,,2671,0.001
,,,2672,0.001
,,,2673,0.001
,,,2674,0.001
,,,2675,0.015
,,,2676,0.033
,,,2677,0.011
,,,2678,0.001
,,,2679,0
,,,2680,0.007
,,,2681,0.006
,,,2682,0
,,,2683,0.001
,,,2684,0
,,,2685,0.001
,,,2686,0
,,,2687,0.003
,,,2688,0
,,,2689,
,,,2690,0.001
,,,2691,0
,,,2692,0.007
,,,2693,0.007
,,,2694,0.003
,,,2695,0.001
,,,2696,0.002
,,,2697,0.004
,,,2698,0.006
,,,2699,0.012
,,,2700,0
,,,2701,0
,,,2702,0
,,,2703,0
,,,2704,0
,,,2705,0
,,,2706,0
,,,2707,0
,,,2708,0
,,,2709,0
,,,2710,0
,,,2711,0
,,,2712,0
,,,2713,0
