Timestamp,PERCLOS,,Seconds,PERCLOS
1,0,,1,0
2,0,,2,0
3,0,,3,0
4,0.001,,4,0.001
5,0.003,,5,0.003
6,0.003,,6,0.003
7,0.019,,7,0.019
8,0.011,,8,0.011
9,0.023,,9,0.023
10,0.038,,10,0.038
11,0.081,,11,0.081
12,0.117,,12,0.117
13,0.13,,13,0.13
14,0.151,,14,0.151
15,0.167,,15,0.167
16,0.188,,16,0.188
17,0.202,,17,0.202
18,0.222,,18,0.222
19,0.239,,19,0.239
20,0.254,,20,0.254
21,0.26,,21,0.26
22,0.289,,22,0.289
23,0.289,,23,0.289
24,0.325,,24,0.325
25,0.342,,25,0.342
26,0.366,,26,0.366
27,0.376,,27,0.376
28,0.395,,28,0.395
29,0.412,,29,0.412
30,0.415,,30,0.415
32,0.447,,31,
33,0.465,,32,0.447
34,0.489,,33,0.465
35,0.507,,34,0.489
36,0.496,,35,0.507
37,0.542,,36,0.496
38,0.541,,37,0.542
39,0.568,,38,0.541
40,0.566,,39,0.568
41,0.609,,40,0.566
42,0.578,,41,0.609
43,0.647,,42,0.578
44,0.668,,43,0.647
45,0.661,,44,0.668
46,0.652,,45,0.661
47,0.652,,46,0.652
48,0.723,,47,0.652
49,0.645,,48,0.723
50,0.539,,49,0.645
51,0.006,,50,0.539
52,0.005,,51,0.006
53,0.012,,52,0.005
54,0.011,,53,0.012
55,0.012,,54,0.011
56,0.03,,55,0.012
57,0.046,,56,0.03
58,0.066,,57,0.046
59,0.084,,58,0.066
60,0.101,,59,0.084
62,0.116,,60,0.101
63,0.136,,61,
64,0.155,,62,0.116
65,0.172,,63,0.136
66,0.188,,64,0.155
67,0.202,,65,0.172
68,0.223,,66,0.188
69,0.244,,67,0.202
70,0.261,,68,0.223
71,0.275,,69,0.244
72,0.296,,70,0.261
73,0.314,,71,0.275
74,0.322,,72,0.296
75,0.34,,73,0.314
76,0.352,,74,0.322
77,0.366,,75,0.34
78,0.402,,76,0.352
79,0.424,,77,0.366
80,0.424,,78,0.402
81,0.457,,79,0.424
82,0.448,,80,0.424
83,0.483,,81,0.457
84,0.476,,82,0.448
86,0.52,,83,0.483
87,0.529,,84,0.476
88,0.565,,85,
89,0.581,,86,0.52
90,0.574,,87,0.529
91,0.607,,88,0.565
92,0.622,,89,0.581
93,0.651,,90,0.574
94,0.666,,91,0.607
95,0.687,,92,0.622
96,0.696,,93,0.651
97,0.725,,94,0.666
98,0.737,,95,0.687
99,0.743,,96,0.696
100,0.775,,97,0.725
101,0.783,,98,0.737
102,0.797,,99,0.743
103,0.815,,100,0.775
104,0.831,,101,0.783
105,0.864,,102,0.797
106,0.863,,103,0.815
107,0.846,,104,0.831
109,0.918,,105,0.864
110,0.933,,106,0.863
111,0.94,,107,0.846
112,0.969,,108,
113,0.942,,109,0.918
114,0.976,,110,0.933
115,1.01,,111,0.94
116,0.977,,112,0.969
117,1.04,,113,0.942
118,1.058,,114,0.976
119,1.082,,115,1.01
120,1.092,,116,0.977
121,1.071,,117,1.04
122,1.132,,118,1.058
123,1.15,,119,1.082
124,1.167,,120,1.092
125,1.182,,121,1.071
126,1.222,,122,1.132
127,1.226,,123,1.15
128,1.235,,124,1.167
129,1.255,,125,1.182
130,1.251,,126,1.222
131,1.285,,127,1.226
133,1.306,,128,1.235
134,1.304,,129,1.255
135,1.362,,130,1.251
136,1.361,,131,1.285
137,1.371,,132,
138,1.395,,133,1.306
139,1.373,,134,1.304
140,1.426,,135,1.362
141,1.47,,136,1.361
142,1.478,,137,1.371
143,1.497,,138,1.395
144,1.446,,139,1.373
145,1.515,,140,1.426
146,1.534,,141,1.47
147,1.572,,142,1.478
148,1.597,,143,1.497
149,1.61,,144,1.446
150,1.617,,145,1.515
151,1.62,,146,1.534
152,1.662,,147,1.572
153,1.558,,148,1.597
154,1.64,,149,1.61
155,0.114,,150,1.617
156,0.023,,151,1.62
157,0.041,,152,1.662
159,0.059,,153,1.558
160,0.077,,154,1.64
161,0.095,,155,0.114
162,0.112,,156,0.023
163,0.128,,157,0.041
164,0.148,,158,
165,0.165,,159,0.059
166,0.177,,160,0.077
167,0.2,,161,0.095
168,0.215,,162,0.112
169,0.235,,163,0.128
170,0.249,,164,0.148
171,0.26,,165,0.165
172,0.285,,166,0.177
173,0.298,,167,0.2
174,0.315,,168,0.215
175,0.337,,169,0.235
176,0.348,,170,0.249
177,0.371,,171,0.26
178,0.18,,172,0.285
179,0.012,,173,0.298
180,0.014,,174,0.315
181,0.032,,175,0.337
183,0.049,,176,0.348
184,0.027,,177,0.371
185,0.007,,178,0.18
186,0.021,,179,0.012
187,0.038,,180,0.014
188,0.055,,181,0.032
189,0.074,,182,
190,0.091,,183,0.049
191,0.106,,184,0.027
192,0.125,,185,0.007
193,0.142,,186,0.021
194,0.162,,187,0.038
195,0.174,,188,0.055
196,0.188,,189,0.074
197,0.211,,190,0.091
198,0.233,,191,0.106
199,0.246,,192,0.125
200,0.268,,193,0.142
201,0.271,,194,0.162
202,0.303,,195,0.174
203,0.315,,196,0.188
204,0.333,,197,0.211
205,0.356,,198,0.233
207,0.368,,199,0.246
208,0.378,,200,0.268
209,0.408,,201,0.271
210,0.42,,202,0.303
211,0.433,,203,0.315
212,0.419,,204,0.333
213,0.418,,205,0.356
214,0.46,,206,
215,0.509,,207,0.368
216,0.529,,208,0.378
217,0.547,,209,0.408
218,0.553,,210,0.42
219,0.582,,211,0.433
220,0.605,,212,0.419
221,0.614,,213,0.418
222,0.631,,214,0.46
223,0.649,,215,0.509
224,0.647,,216,0.529
225,0.674,,217,0.547
226,0.696,,218,0.553
227,0.731,,219,0.582
228,0.738,,220,0.605
229,0.765,,221,0.614
230,0.782,,222,0.631
231,0.78,,223,0.649
233,0.817,,224,0.647
234,0.812,,225,0.674
235,0.829,,226,0.696
236,0.869,,227,0.731
237,0.889,,228,0.738
238,0.892,,229,0.765
239,0.923,,230,0.782
240,0.941,,231,0.78
241,0.933,,232,
242,0.977,,233,0.817
243,0.942,,234,0.812
244,0.999,,235,0.829
245,0.997,,236,0.869
246,0.915,,237,0.889
247,0.984,,238,0.892
248,1.089,,239,0.923
249,1.071,,240,0.941
250,1.106,,241,0.933
251,1.086,,242,0.977
252,1.141,,243,0.942
253,1.159,,244,0.999
254,1.162,,245,0.997
255,1.214,,246,0.915
257,1.223,,247,0.984
258,1.227,,248,1.089
259,1.266,,249,1.071
260,1.283,,250,1.106
261,1.238,,251,1.086
262,1.317,,252,1.141
263,1.337,,253,1.159
264,1.293,,254,1.162
265,1.353,,255,1.214
266,1.37,,256,
267,1.407,,257,1.223
268,1.423,,258,1.227
269,1.418,,259,1.266
270,1.447,,260,1.283
271,1.434,,261,1.238
272,1.47,,262,1.317
273,1.429,,263,1.337
274,1.495,,264,1.293
275,1.544,,265,1.353
276,1.521,,266,1.37
277,1.582,,267,1.407
278,1.578,,268,1.423
280,1.62,,269,1.418
281,1.588,,270,1.447
282,1.604,,271,1.434
283,1.671,,272,1.47
284,1.664,,273,1.429
285,1.699,,274,1.495
286,1.674,,275,1.544
287,1.717,,276,1.521
288,1.738,,277,1.582
289,1.778,,278,1.578
290,1.764,,279,
291,1.789,,280,1.62
292,1.806,,281,1.588
293,1.719,,282,1.604
294,1.836,,283,1.671
295,1.855,,284,1.664
296,1.771,,285,1.699
297,1.817,,286,1.674
298,1.831,,287,1.717
299,1.933,,288,1.738
300,1.976,,289,1.778
301,1.957,,290,1.764
303,1.972,,291,1.789
304,2.005,,292,1.806
305,2.048,,293,1.719
306,2.037,,294,1.836
307,2.046,,295,1.855
308,1.702,,296,1.771
309,0,,297,1.817
310,0.009,,298,1.831
311,0.003,,299,1.933
312,0.004,,300,1.976
313,0.02,,301,1.957
314,0.038,,302,
315,0.056,,303,1.972
316,0.073,,304,2.005
317,0.088,,305,2.048
318,0.106,,306,2.037
319,0.007,,307,2.046
320,0,,308,1.702
321,0,,309,0
322,0.008,,310,0.009
323,0.025,,311,0.003
324,0.043,,312,0.004
325,0.061,,313,0.02
326,0.079,,314,0.038
328,0.096,,315,0.056
329,0.114,,316,0.073
330,0.13,,317,0.088
331,0.147,,318,0.106
332,0.165,,319,0.007
333,0.171,,320,0
334,0,,321,0
335,0.001,,322,0.008
336,0.016,,323,0.025
337,0.033,,324,0.043
338,0.049,,325,0.061
339,0.067,,326,0.079
340,0.084,,327,
341,0.098,,328,0.096
342,0.121,,329,0.114
343,0.14,,330,0.13
344,0.155,,331,0.147
345,0.176,,332,0.165
346,0.187,,333,0.171
347,0.204,,334,0
348,0.225,,335,0.001
349,0.242,,336,0.016
351,0.035,,337,0.033
352,0.003,,338,0.049
353,0.006,,339,0.067
354,0.008,,340,0.084
355,0.021,,341,0.098
356,0.011,,342,0.121
357,0.028,,343,0.14
358,0.044,,344,0.155
359,0.057,,345,0.176
360,0.083,,346,0.187
361,0.095,,347,0.204
362,0.119,,348,0.225
363,0.137,,349,0.242
364,0.154,,350,
365,0.167,,351,0.035
366,0.192,,352,0.003
367,0.21,,353,0.006
368,0.22,,354,0.008
369,0.247,,355,0.021
370,0.256,,356,0.011
371,0.276,,357,0.028
372,0.296,,358,0.044
373,0.312,,359,0.057
374,0.323,,360,0.083
376,0.342,,361,0.095
377,0.363,,362,0.119
378,0.38,,363,0.137
379,0.399,,364,0.154
380,0.422,,365,0.167
381,0.432,,366,0.192
382,0.45,,367,0.21
383,0.467,,368,0.22
384,0.483,,369,0.247
385,0.51,,370,0.256
386,0.502,,371,0.276
387,0.544,,372,0.296
388,0.563,,373,0.312
389,0.517,,374,0.323
390,0.571,,375,
391,0.607,,376,0.342
392,0.625,,377,0.363
393,0.633,,378,0.38
394,0.669,,379,0.399
395,0.688,,380,0.422
396,0.694,,381,0.432
397,0.71,,382,0.45
398,0.744,,383,0.467
399,0.756,,384,0.483
400,0.776,,385,0.51
401,0.78,,386,0.502
403,0.765,,387,0.544
404,0.816,,388,0.563
405,0.835,,389,0.517
406,0.853,,390,0.571
407,0.866,,391,0.607
408,0.9,,392,0.625
409,0.903,,393,0.633
410,0.921,,394,0.669
411,0.882,,395,0.688
412,0.941,,396,0.694
413,0.974,,397,0.71
414,1.001,,398,0.744
415,0.484,,399,0.756
416,0.018,,400,0.776
417,0.036,,401,0.78
418,0.053,,402,
419,0.072,,403,0.765
420,0.087,,404,0.816
421,0.103,,405,0.835
422,0.113,,406,0.853
423,0.01,,407,0.866
424,0.028,,408,0.9
425,0.044,,409,0.903
426,0.063,,410,0.921
428,0.078,,411,0.882
429,0.097,,412,0.941
430,0.115,,413,0.974
431,0.132,,414,1.001
432,0.147,,415,0.484
433,0.161,,416,0.018
434,0.172,,417,0.036
435,0.203,,418,0.053
436,0.217,,419,0.072
437,0.218,,420,0.087
438,0.259,,421,0.103
439,0.275,,422,0.113
440,0.295,,423,0.01
441,0.297,,424,0.028
442,0.332,,425,0.044
443,0.339,,426,0.063
444,0.362,,427,
445,0.38,,428,0.078
446,0.396,,429,0.097
447,0.413,,430,0.115
448,0.438,,431,0.132
449,0.449,,432,0.147
450,0.472,,433,0.161
451,0.471,,434,0.172
453,0.501,,435,0.203
454,0.508,,436,0.217
455,0.527,,437,0.218
456,0.553,,438,0.259
457,0.562,,439,0.275
458,0.602,,440,0.295
459,0.613,,441,0.297
460,0.611,,442,0.332
461,0.647,,443,0.339
462,0.666,,444,0.362
463,0.685,,445,0.38
464,0.693,,446,0.396
465,0.708,,447,0.413
466,0.728,,448,0.438
467,0.755,,449,0.449
468,0.762,,450,0.472
469,0.792,,451,0.471
470,0.796,,452,
471,0.788,,453,0.501
472,0.83,,454,0.508
473,0.849,,455,0.527
474,0.879,,456,0.553
475,0.868,,457,0.562
476,0.869,,458,0.602
477,0.928,,459,0.613
478,0.936,,460,0.611
479,0.947,,461,0.647
481,0.97,,462,0.666
482,0.997,,463,0.685
483,1.004,,464,0.693
484,1.034,,465,0.708
485,1.047,,466,0.728
486,1.071,,467,0.755
487,1.074,,468,0.762
488,1.123,,469,0.792
489,1.118,,470,0.796
490,1.14,,471,0.788
491,1.098,,472,0.83
492,1.14,,473,0.849
493,1.159,,474,0.879
494,1.19,,475,0.868
495,1.213,,476,0.869
496,1.208,,477,0.928
497,1.226,,478,0.936
498,1.278,,479,0.947
499,1.296,,480,
500,1.301,,481,0.97
501,1.313,,482,0.997
503,1.353,,483,1.004
504,1.351,,484,1.034
505,1.386,,485,1.047
506,1.406,,486,1.071
507,1.401,,487,1.074
508,1.44,,488,1.123
509,1.437,,489,1.118
510,1.487,,490,1.14
511,1.464,,491,1.098
512,1.513,,492,1.14
513,1.502,,493,1.159
514,1.549,,494,1.19
515,1.539,,495,1.213
516,1.577,,496,1.208
517,1.573,,497,1.226
518,1.594,,498,1.278
519,1.629,,499,1.296
520,1.596,,500,1.301
521,1.648,,501,1.313
522,1.661,,502,
523,1.614,,503,1.353
524,1.668,,504,1.351
525,1.709,,505,1.386
527,1.76,,506,1.406
528,1.717,,507,1.401
529,1.789,,508,1.44
530,1.728,,509,1.437
531,1.771,,510,1.487
532,1.847,,511,1.464
533,1.864,,512,1.513
534,1.888,,513,1.502
535,1.879,,514,1.549
536,1.887,,515,1.539
537,1.909,,516,1.577
538,1.954,,517,1.573
539,1.962,,518,1.594
540,1.953,,519,1.629
541,1.967,,520,1.596
542,1.992,,521,1.648
543,2.011,,522,1.661
544,1.851,,523,1.614
545,1.96,,524,1.668
546,2.091,,525,1.709
547,2.117,,526,
548,2.172,,527,1.76
549,2.152,,528,1.717
550,2.168,,529,1.789
551,2.183,,530,1.728
553,2.174,,531,1.771
554,2.148,,532,1.847
555,2.204,,533,1.864
556,2.25,,534,1.888
557,2.274,,535,1.879
558,2.243,,536,1.887
559,2.234,,537,1.909
560,2.313,,538,1.954
561,2.304,,539,1.962
562,2.361,,540,1.953
563,2.339,,541,1.967
564,2.356,,542,1.992
565,2.421,,543,2.011
566,2.258,,544,1.851
567,2.344,,545,1.96
568,2.3,,546,2.091
569,2.412,,547,2.117
570,2.429,,548,2.172
571,1.186,,549,2.152
572,0.011,,550,2.168
573,0.028,,551,2.183
574,0.047,,552,
575,0.064,,553,2.174
577,0.009,,554,2.148
578,0.027,,555,2.204
579,0.045,,556,2.25
580,0.062,,557,2.274
581,0.077,,558,2.243
582,0.098,,559,2.234
583,0.115,,560,2.313
584,0.133,,561,2.304
585,0.15,,562,2.361
586,0.163,,563,2.339
587,0.18,,564,2.356
588,0.203,,565,2.421
589,0.215,,566,2.258
590,0.239,,567,2.344
591,0.248,,568,2.3
592,0.258,,569,2.412
593,0.292,,570,2.429
594,0.299,,571,1.186
595,0.322,,572,0.011
596,0.333,,573,0.028
597,0.356,,574,0.047
598,0.373,,575,0.064
599,0.393,,576,
600,0.413,,577,0.009
601,0.427,,578,0.027
603,0.442,,579,0.045
604,0.466,,580,0.062
605,0.469,,581,0.077
606,0.488,,582,0.098
607,0.265,,583,0.115
608,0,,584,0.133
609,0,,585,0.15
610,0,,586,0.163
611,0.012,,587,0.18
612,0.03,,588,0.203
613,0.046,,589,0.215
614,0.065,,590,0.239
615,0.083,,591,0.248
616,0.1,,592,0.258
617,0.118,,593,0.292
618,0.133,,594,0.299
619,0.154,,595,0.322
620,0.169,,596,0.333
621,0.183,,597,0.356
622,0.203,,598,0.373
623,0.222,,599,0.393
624,0.238,,600,0.413
625,0.256,,601,0.427
627,0.273,,602,
628,0.291,,603,0.442
629,0.314,,604,0.466
630,0.326,,605,0.469
631,0.343,,606,0.488
632,0.335,,607,0.265
633,0.358,,608,0
634,0.395,,609,0
635,0.419,,610,0
636,0.439,,611,0.012
637,0.455,,612,0.03
638,0.466,,613,0.046
639,0.486,,614,0.065
640,0.495,,615,0.083
641,0.51,,616,0.1
642,0.538,,617,0.118
643,0.537,,618,0.133
644,0.57,,619,0.154
645,0.595,,620,0.169
646,0.616,,621,0.183
647,0.634,,622,0.203
649,0.666,,623,0.222
650,0.651,,624,0.238
651,0.675,,625,0.256
652,0.703,,626,
653,0.681,,627,0.273
654,0.727,,628,0.291
655,0.756,,629,0.314
656,0.774,,630,0.326
657,0.78,,631,0.343
658,0.788,,632,0.335
659,0.816,,633,0.358
660,0.847,,634,0.395
661,0.849,,635,0.419
662,0.868,,636,0.439
663,0.885,,637,0.455
664,0.059,,638,0.466
665,0.022,,639,0.486
666,0.039,,640,0.495
667,0.057,,641,0.51
668,0.075,,642,0.538
669,0.09,,643,0.537
670,0.107,,644,0.57
671,0.126,,645,0.595
673,0.144,,646,0.616
674,0.161,,647,0.634
675,0.15,,648,
676,0,,649,0.666
677,0,,650,0.651
678,0,,651,0.675
679,0,,652,0.703
680,0.012,,653,0.681
681,0.028,,654,0.727
682,0.048,,655,0.756
683,0.067,,656,0.774
684,0.082,,657,0.78
685,0.1,,658,0.788
686,0.119,,659,0.816
687,0.134,,660,0.847
688,0.156,,661,0.849
689,0.17,,662,0.868
690,0.187,,663,0.885
691,0.202,,664,0.059
692,0.215,,665,0.022
693,0.24,,666,0.039
694,0.257,,667,0.057
695,0.27,,668,0.075
696,0.292,,669,0.09
697,0.316,,670,0.107
699,0.33,,671,0.126
700,0.342,,672,
701,0.355,,673,0.144
702,0.372,,674,0.161
703,0.392,,675,0.15
704,0.412,,676,0
705,0.429,,677,0
706,0.445,,678,0
707,0.466,,679,0
708,0.475,,680,0.012
709,0.5,,681,0.028
710,0.514,,682,0.048
711,0.533,,683,0.067
712,0.559,,684,0.082
713,0.559,,685,0.1
714,0.586,,686,0.119
715,0.611,,687,0.134
716,0.596,,688,0.156
717,0.64,,689,0.17
718,0.651,,690,0.187
719,0.672,,691,0.202
720,0.699,,692,0.215
721,0.696,,693,0.24
722,0.726,,694,0.257
723,0.743,,695,0.27
725,0.761,,696,0.292
726,0.778,,697,0.316
727,0.798,,698,
728,0.801,,699,0.33
729,0.845,,700,0.342
730,0.786,,701,0.355
731,0.866,,702,0.372
732,0.857,,703,0.392
733,0.874,,704,0.412
734,0.905,,705,0.429
735,0.934,,706,0.445
736,0.94,,707,0.466
737,0.971,,708,0.475
738,1.004,,709,0.5
739,1.004,,710,0.514
740,1.022,,711,0.533
741,1.066,,712,0.559
742,1.03,,713,0.559
743,1.04,,714,0.586
744,1.089,,715,0.611
745,1.098,,716,0.596
746,1.148,,717,0.64
747,1.125,,718,0.651
748,1.176,,719,0.672
749,1.173,,720,0.699
750,1.228,,721,0.696
751,1.23,,722,0.726
752,1.211,,723,0.743
753,1.264,,724,
754,1.229,,725,0.761
756,1.303,,726,0.778
757,1.183,,727,0.798
758,1.313,,728,0.801
759,1.337,,729,0.845
760,1.329,,730,0.786
761,1.387,,731,0.866
762,1.388,,732,0.857
763,1.347,,733,0.874
764,1.404,,734,0.905
765,1.424,,735,0.934
766,1.471,,736,0.94
767,1.491,,737,0.971
768,1.467,,738,1.004
769,1.512,,739,1.004
770,1.527,,740,1.022
771,1.563,,741,1.066
772,1.582,,742,1.03
773,1.529,,743,1.04
774,1.594,,744,1.089
775,1.619,,745,1.098
776,1.659,,746,1.148
777,1.57,,747,1.125
778,1.642,,748,1.176
779,1.66,,749,1.173
781,1.698,,750,1.228
782,1.652,,751,1.23
783,1.766,,752,1.211
784,1.778,,753,1.264
785,1.777,,754,1.229
786,1.763,,755,
787,1.836,,756,1.303
788,1.851,,757,1.183
789,1.79,,758,1.313
790,1.827,,759,1.337
791,1.887,,760,1.329
792,1.89,,761,1.387
793,1.367,,762,1.388
794,0.004,,763,1.347
795,0.02,,764,1.404
796,0.037,,765,1.424
797,0.053,,766,1.471
798,0.018,,767,1.491
799,0.017,,768,1.467
800,0.034,,769,1.512
801,0.052,,770,1.527
802,0.068,,771,1.563
803,0.083,,772,1.582
805,0.101,,773,1.529
806,0.12,,774,1.594
807,0.138,,775,1.619
808,0.156,,776,1.659
809,0.17,,777,1.57
810,0.189,,778,1.642
811,0.208,,779,1.66
812,0.223,,780,
813,0.242,,781,1.698
814,0.257,,782,1.652
815,0.277,,783,1.766
816,0.295,,784,1.778
817,0.311,,785,1.777
818,0.319,,786,1.763
819,0.352,,787,1.836
820,0.369,,788,1.851
821,0.387,,789,1.79
822,0.4,,790,1.827
823,0.417,,791,1.887
824,0.439,,792,1.89
825,0.458,,793,1.367
826,0.469,,794,0.004
827,0.476,,795,0.02
828,0.483,,796,0.037
830,0.52,,797,0.053
831,0.545,,798,0.018
832,0.551,,799,0.017
833,0.564,,800,0.034
834,0.592,,801,0.052
835,0.608,,802,0.068
836,0.616,,803,0.083
837,0.624,,804,
838,0.654,,805,0.101
839,0.656,,806,0.12
840,0.687,,807,0.138
841,0.721,,808,0.156
842,0.708,,809,0.17
843,0.759,,810,0.189
844,0.778,,811,0.208
845,0.783,,812,0.223
846,0.778,,813,0.242
847,0.814,,814,0.257
848,0.821,,815,0.277
849,0.852,,816,0.295
850,0.878,,817,0.311
851,0.871,,818,0.319
852,0.892,,819,0.352
853,0.907,,820,0.369
854,0.935,,821,0.387
855,0.972,,822,0.4
856,0.989,,823,0.417
857,0.987,,824,0.439
859,1.024,,825,0.458
860,1.042,,826,0.469
861,1.062,,827,0.476
862,1.062,,828,0.483
863,1.034,,829,
864,1.109,,830,0.52
865,1.13,,831,0.545
866,1.099,,832,0.551
867,0.462,,833,0.564
868,0.009,,834,0.592
869,0.027,,835,0.608
870,0.045,,836,0.616
871,0.062,,837,0.624
872,0.08,,838,0.654
873,0.097,,839,0.656
874,0.115,,840,0.687
875,0.131,,841,0.721
876,0.148,,842,0.708
877,0.168,,843,0.759
878,0.151,,844,0.778
879,0.006,,845,0.783
880,0.021,,846,0.778
882,0.039,,847,0.814
883,0.055,,848,0.821
884,0.073,,849,0.852
885,0.088,,850,0.878
886,0.107,,851,0.871
887,0.124,,852,0.892
888,0.145,,853,0.907
889,0.16,,854,0.935
890,0.178,,855,0.972
891,0.199,,856,0.989
892,0.213,,857,0.987
893,0.232,,858,
894,0.244,,859,1.024
895,0.255,,860,1.042
896,0.288,,861,1.062
897,0.304,,862,1.062
898,0.322,,863,1.034
899,0.335,,864,1.109
900,0.353,,865,1.13
901,0.368,,866,1.099
902,0.081,,867,0.462
903,0.023,,868,0.009
904,0.042,,869,0.027
905,0.058,,870,0.045
906,0.076,,871,0.062
908,0.081,,872,0.08
909,0,,873,0.097
910,0.006,,874,0.115
911,0.02,,875,0.131
912,0.037,,876,0.148
913,0.054,,877,0.168
914,0.072,,878,0.151
915,0.089,,879,0.006
916,0.108,,880,0.021
917,0.125,,881,
918,0.141,,882,0.039
919,0.158,,883,0.055
920,0.173,,884,0.073
921,0.195,,885,0.088
922,0.211,,886,0.107
923,0.212,,887,0.124
924,0.251,,888,0.145
925,0.264,,889,0.16
926,0.287,,890,0.178
927,0.293,,891,0.199
928,0.28,,892,0.213
929,0,,893,0.232
930,0,,894,0.244
931,0.006,,895,0.255
933,0.024,,896,0.288
934,0.042,,897,0.304
935,0.059,,898,0.322
936,0.075,,899,0.335
937,0.091,,900,0.353
938,0.111,,901,0.368
939,0.125,,902,0.081
940,0.144,,903,0.023
941,0.163,,904,0.042
942,0.176,,905,0.058
943,0.199,,906,0.076
944,0.211,,907,
945,0.235,,908,0.081
946,0.252,,909,0
947,0.26,,910,0.006
948,0.288,,911,0.02
949,0.3,,912,0.037
950,0.305,,913,0.054
951,0.318,,914,0.072
952,0.359,,915,0.089
953,0.379,,916,0.108
954,0.39,,917,0.125
956,0.383,,918,0.141
957,0,,919,0.158
958,0,,920,0.173
959,0,,921,0.195
960,0.012,,922,0.211
961,0.008,,923,0.212
962,0,,924,0.251
963,0,,925,0.264
964,0.008,,926,0.287
965,0.025,,927,0.293
966,0.043,,928,0.28
967,0.06,,929,0
968,0.079,,930,0
969,0.084,,931,0.006
970,0.114,,932,
971,0.133,,933,0.024
972,0.151,,934,0.042
973,0.163,,935,0.059
974,0.179,,936,0.075
975,0.205,,937,0.091
976,0.219,,938,0.111
977,0.236,,939,0.125
978,0.254,,940,0.144
979,0.276,,941,0.163
980,0.293,,942,0.176
981,0.297,,943,0.199
983,0.329,,944,0.211
984,0.346,,945,0.235
985,0.363,,946,0.252
986,0.381,,947,0.26
987,0.401,,948,0.288
988,0.416,,949,0.3
989,0.434,,950,0.305
990,0.452,,951,0.318
991,0.469,,952,0.359
992,0.406,,953,0.379
993,0.5,,954,0.39
994,0.525,,955,
995,0.535,,956,0.383
996,0.561,,957,0
997,0.572,,958,0
998,0.595,,959,0
999,0.604,,960,0.012
1000,0.623,,961,0.008
1001,0.629,,962,0
1003,0.659,,963,0
1004,0.674,,964,0.008
1005,0.693,,965,0.025
1006,0.719,,966,0.043
1007,0.727,,967,0.06
1008,0.746,,968,0.079
1009,0.771,,969,0.084
1010,0.769,,970,0.114
1011,0.796,,971,0.133
1012,0.804,,972,0.151
1013,0.83,,973,0.163
1014,0.86,,974,0.179
1015,0.88,,975,0.205
1016,0.833,,976,0.219
1017,0.804,,977,0.236
1018,0.916,,978,0.254
1019,0.919,,979,0.276
1020,0.953,,980,0.293
1021,0.989,,981,0.297
1022,1.007,,982,
1023,1.004,,983,0.329
1024,1.024,,984,0.346
1025,1.025,,985,0.363
1026,1.063,,986,0.381
1028,1.093,,987,0.401
1029,1.108,,988,0.416
1030,1.108,,989,0.434
1031,1.129,,990,0.452
1032,1.128,,991,0.469
1033,1.186,,992,0.406
1034,1.179,,993,0.5
1035,0.554,,994,0.525
1036,0.019,,995,0.535
1037,0.036,,996,0.561
1038,0.053,,997,0.572
1039,0.072,,998,0.595
1040,0.077,,999,0.604
1041,0.108,,1000,0.623
1042,0.127,,1001,0.629
1043,0.145,,1002,
1044,0.161,,1003,0.659
1045,0.178,,1004,0.674
1046,0.196,,1005,0.693
1047,0.213,,1006,0.719
1048,0.226,,1007,0.727
1049,0.249,,1008,0.746
1050,0.265,,1009,0.771
1052,0.283,,1010,0.769
1053,0.3,,1011,0.796
1054,0.315,,1012,0.804
1055,0.335,,1013,0.83
1056,0.358,,1014,0.86
1057,0.375,,1015,0.88
1058,0.392,,1016,0.833
1059,0.348,,1017,0.804
1060,0.424,,1018,0.916
1061,0.437,,1019,0.919
1062,0.464,,1020,0.953
1063,0.471,,1021,0.989
1064,0.488,,1022,1.007
1065,0.517,,1023,1.004
1066,0.535,,1024,1.024
1067,0.555,,1025,1.025
1068,0.57,,1026,1.063
1069,0.579,,1027,
1070,0.608,,1028,1.093
1071,0.614,,1029,1.108
1072,0.633,,1030,1.108
1073,0.659,,1031,1.129
1075,0.676,,1032,1.128
1076,0.672,,1033,1.186
1077,0.701,,1034,1.179
1078,0.72,,1035,0.554
1079,0.733,,1036,0.019
1080,0.743,,1037,0.036
1081,0.713,,1038,0.053
1082,0.73,,1039,0.072
1083,0.808,,1040,0.077
1084,0.837,,1041,0.108
1085,0.841,,1042,0.127
1086,0.861,,1043,0.145
1087,0.876,,1044,0.161
1088,0.907,,1045,0.178
1089,0.925,,1046,0.196
1090,0.932,,1047,0.213
1091,0.965,,1048,0.226
1092,0.98,,1049,0.249
1093,0.976,,1050,0.265
1094,0.997,,1051,
1095,1.031,,1052,0.283
1096,1.037,,1053,0.3
1097,1.065,,1054,0.315
1098,1.049,,1055,0.335
1100,1.088,,1056,0.358
1101,1.087,,1057,0.375
1102,1.122,,1058,0.392
1103,1.116,,1059,0.348
1104,0.724,,1060,0.424
1105,0,,1061,0.437
1106,0,,1062,0.464
1107,0.005,,1063,0.471
1108,0.009,,1064,0.488
1109,0.002,,1065,0.517
1110,0.01,,1066,0.535
1111,0.027,,1067,0.555
1112,0.045,,1068,0.57
1113,0.063,,1069,0.579
1114,0.077,,1070,0.608
1115,0.094,,1071,0.614
1116,0.112,,1072,0.633
1117,0.133,,1073,0.659
1118,0.146,,1074,
1119,0.166,,1075,0.676
1120,0.183,,1076,0.672
1121,0.201,,1077,0.701
1122,0.215,,1078,0.72
1123,0.239,,1079,0.733
1124,0.257,,1080,0.743
1125,0.266,,1081,0.713
1126,0.263,,1082,0.73
1128,0.309,,1083,0.808
1129,0.323,,1084,0.837
1130,0.343,,1085,0.841
1131,0.36,,1086,0.861
1132,0.368,,1087,0.876
1133,0.395,,1088,0.907
1134,0.417,,1089,0.925
1135,0.428,,1090,0.932
1136,0.337,,1091,0.965
1137,0.014,,1092,0.98
1138,0.031,,1093,0.976
1139,0.048,,1094,0.997
1140,0.066,,1095,1.031
1141,0.084,,1096,1.037
1142,0.101,,1097,1.065
1143,0.118,,1098,1.049
1144,0.136,,1099,
1145,0.151,,1100,1.088
1146,0.169,,1101,1.087
1147,0.184,,1102,1.122
1148,0.203,,1103,1.116
1149,0.22,,1104,0.724
1151,0.238,,1105,0
1152,0.247,,1106,0
1153,0.262,,1107,0.005
1154,0.287,,1108,0.009
1155,0.314,,1109,0.002
1156,0.326,,1110,0.01
1157,0.344,,1111,0.027
1158,0.361,,1112,0.045
1159,0.386,,1113,0.063
1160,0.403,,1114,0.077
1161,0.418,,1115,0.094
1162,0.438,,1116,0.112
1163,0.455,,1117,0.133
1164,0.464,,1118,0.146
1165,0.49,,1119,0.166
1166,0.508,,1120,0.183
1167,0.518,,1121,0.201
1168,0.542,,1122,0.215
1169,0.551,,1123,0.239
1170,0.575,,1124,0.257
1171,0.587,,1125,0.266
1173,0.607,,1126,0.263
1174,0.625,,1127,
1175,0.649,,1128,0.309
1176,0.587,,1129,0.323
1177,0.635,,1130,0.343
1178,0.694,,1131,0.36
1179,0.7,,1132,0.368
1180,0.741,,1133,0.395
1181,0.748,,1134,0.417
1182,0.755,,1135,0.428
1183,0.782,,1136,0.337
1184,0.799,,1137,0.014
1185,0.814,,1138,0.031
1186,0.844,,1139,0.048
1187,0.268,,1140,0.066
1188,0.001,,1141,0.084
1189,0.007,,1142,0.101
1190,0.024,,1143,0.118
1191,0.041,,1144,0.136
1192,0.06,,1145,0.151
1193,0.076,,1146,0.169
1194,0.094,,1147,0.184
1195,0.107,,1148,0.203
1196,0.129,,1149,0.22
1197,0.147,,1150,
1199,0.155,,1151,0.238
1200,0.184,,1152,0.247
1201,0.196,,1153,0.262
1202,0.217,,1154,0.287
1203,0.234,,1155,0.314
1204,0.243,,1156,0.326
1205,0.262,,1157,0.344
1206,0.282,,1158,0.361
1207,0.304,,1159,0.386
1208,0.327,,1160,0.403
1209,0.344,,1161,0.418
1210,0.362,,1162,0.438
1211,0.374,,1163,0.455
1212,0.391,,1164,0.464
1213,0,,1165,0.49
1214,0.001,,1166,0.508
1215,0,,1167,0.518
1216,0,,1168,0.542
1217,0,,1169,0.551
1218,0,,1170,0.575
1219,0,,1171,0.587
1220,0,,1172,
1221,0,,1173,0.607
1222,0.003,,1174,0.625
1223,0,,1175,0.649
1224,0.001,,1176,0.587
1226,0.013,,1177,0.635
1227,0.031,,1178,0.694
1228,0.047,,1179,0.7
1229,0.01,,1180,0.741
1230,0,,1181,0.748
1231,0,,1182,0.755
1232,0.001,,1183,0.782
1233,0.01,,1184,0.799
1234,0.028,,1185,0.814
1235,0.046,,1186,0.844
1236,0.063,,1187,0.268
1237,0.081,,1188,0.001
1238,0.097,,1189,0.007
1239,0.113,,1190,0.024
1240,0.129,,1191,0.041
1241,0.149,,1192,0.06
1242,0.123,,1193,0.076
1243,0.007,,1194,0.094
1244,0.024,,1195,0.107
1245,0.042,,1196,0.129
1246,0.06,,1197,0.147
1247,0.078,,1198,
1248,0.095,,1199,0.155
1249,0.11,,1200,0.184
1250,0.129,,1201,0.196
1251,0.144,,1202,0.217
1253,0.164,,1203,0.234
1254,0.184,,1204,0.243
1255,0.202,,1205,0.262
1256,0.216,,1206,0.282
1257,0.234,,1207,0.304
1258,0.247,,1208,0.327
1259,0.272,,1209,0.344
1260,0.286,,1210,0.362
1261,0.304,,1211,0.374
1262,0.311,,1212,0.391
1263,0.343,,1213,0
1264,0.35,,1214,0.001
1265,0.377,,1215,0
1266,0.396,,1216,0
1267,0.394,,1217,0
1268,0.423,,1218,0
1269,0.449,,1219,0
1270,0.458,,1220,0
1271,0.475,,1221,0
1272,0.495,,1222,0.003
1273,0.511,,1223,0
1274,0.525,,1224,0.001
1275,0.546,,1225,
1277,0.572,,1226,0.013
1278,0.542,,1227,0.031
1279,0.59,,1228,0.047
1280,0.626,,1229,0.01
1281,0.642,,1230,0
1282,0.662,,1231,0
1283,0.68,,1232,0.001
1284,0.69,,1233,0.01
1285,0.716,,1234,0.028
1286,0.735,,1235,0.046
1287,0.748,,1236,0.063
1288,0.766,,1237,0.081
1289,0.772,,1238,0.097
1290,0.802,,1239,0.113
1291,0.455,,1240,0.129
1292,0.003,,1241,0.149
1293,0.015,,1242,0.123
1294,0.032,,1243,0.007
1295,0.05,,1244,0.024
1296,0.066,,1245,0.042
1297,0.085,,1246,0.06
1298,0.103,,1247,0.078
1299,0.067,,1248,0.095
1301,0.003,,1249,0.11
1302,0.019,,1250,0.129
1303,0.037,,1251,0.144
1304,0.03,,1252,
1305,0.01,,1253,0.164
1306,0.027,,1254,0.184
1307,0.046,,1255,0.202
1308,0.063,,1256,0.216
1309,0.081,,1257,0.234
1310,0.097,,1258,0.247
1311,0.117,,1259,0.272
1312,0.128,,1260,0.286
1313,0.149,,1261,0.304
1314,0.165,,1262,0.311
1315,0.179,,1263,0.343
1316,0.202,,1264,0.35
1317,0.219,,1265,0.377
1318,0.233,,1266,0.396
1319,0.252,,1267,0.394
1320,0.274,,1268,0.423
1321,0.289,,1269,0.449
1322,0.302,,1270,0.458
1323,0.324,,1271,0.475
1324,0.341,,1272,0.495
1325,0.354,,1273,0.511
1327,0.381,,1274,0.525
1328,0.387,,1275,0.546
1329,0.41,,1276,
1330,0.415,,1277,0.572
1331,0.451,,1278,0.542
1332,0.463,,1279,0.59
1333,0.489,,1280,0.626
1334,0.488,,1281,0.642
1335,0.153,,1282,0.662
1336,0.004,,1283,0.68
1337,0.012,,1284,0.69
1338,0.029,,1285,0.716
1339,0.044,,1286,0.735
1340,0.005,,1287,0.748
1341,0.022,,1288,0.766
1342,0.038,,1289,0.772
1343,0.057,,1290,0.802
1344,0.076,,1291,0.455
1345,0.092,,1292,0.003
1346,0.108,,1293,0.015
1347,0.127,,1294,0.032
1348,0.143,,1295,0.05
1349,0.164,,1296,0.066
1351,0.182,,1297,0.085
1352,0.197,,1298,0.103
1353,0.217,,1299,0.067
1354,0.232,,1300,
1355,0.241,,1301,0.003
1356,0.27,,1302,0.019
1357,0.284,,1303,0.037
1358,0.305,,1304,0.03
1359,0.313,,1305,0.01
1360,0.336,,1306,0.027
1361,0.349,,1307,0.046
1362,0.355,,1308,0.063
1363,0.381,,1309,0.081
1364,0.406,,1310,0.097
1365,0.417,,1311,0.117
1366,0.446,,1312,0.128
1367,0.466,,1313,0.149
1368,0.483,,1314,0.165
1369,0.493,,1315,0.179
1370,0.514,,1316,0.202
1371,0.536,,1317,0.219
1372,0.545,,1318,0.233
1373,0.562,,1319,0.252
1375,0.58,,1320,0.274
1376,0.587,,1321,0.289
1377,0,,1322,0.302
1378,0,,1323,0.324
1379,0.01,,1324,0.341
1380,0.027,,1325,0.354
1381,0.011,,1326,
1382,0,,1327,0.381
1383,0,,1328,0.387
1384,0.003,,1329,0.41
1385,0.018,,1330,0.415
1386,0.036,,1331,0.451
1387,0.054,,1332,0.463
1388,0.07,,1333,0.489
1389,0.089,,1334,0.488
1390,0.107,,1335,0.153
1391,0.123,,1336,0.004
1392,0.141,,1337,0.012
1393,0.156,,1338,0.029
1394,0.175,,1339,0.044
1395,0.196,,1340,0.005
1396,0.212,,1341,0.022
1397,0.231,,1342,0.038
1399,0.247,,1343,0.057
1400,0.257,,1344,0.076
1401,0.283,,1345,0.092
1402,0.295,,1346,0.108
1403,0.313,,1347,0.127
1404,0.335,,1348,0.143
1405,0.348,,1349,0.164
1406,0.365,,1350,
1407,0.362,,1351,0.182
1408,0.401,,1352,0.197
1409,0.425,,1353,0.217
1410,0.442,,1354,0.232
1411,0.455,,1355,0.241
1412,0.471,,1356,0.27
1413,0.489,,1357,0.284
1414,0.512,,1358,0.305
1415,0.516,,1359,0.313
1416,0.548,,1360,0.336
1417,0.557,,1361,0.349
1418,0.066,,1362,0.355
1419,0.007,,1363,0.381
1421,0.024,,1364,0.406
1422,0.04,,1365,0.417
1423,0.059,,1366,0.446
1424,0.077,,1367,0.466
1425,0.093,,1368,0.483
1426,0.11,,1369,0.493
1427,0.128,,1370,0.514
1428,0.143,,1371,0.536
1429,0.162,,1372,0.545
1430,0.183,,1373,0.562
1431,0.2,,1374,
1432,0.215,,1375,0.58
1433,0.229,,1376,0.587
1434,0.252,,1377,0
1435,0.263,,1378,0
1436,0.288,,1379,0.01
1437,0.307,,1380,0.027
1438,0.319,,1381,0.011
1439,0.341,,1382,0
1440,0.353,,1383,0
1441,0.366,,1384,0.003
1442,0.384,,1385,0.018
1443,0.401,,1386,0.036
1445,0.422,,1387,0.054
1446,0.441,,1388,0.07
1447,0.452,,1389,0.089
1448,0.451,,1390,0.107
1449,0.502,,1391,0.123
1450,0.518,,1392,0.141
1451,0.532,,1393,0.156
1452,0.556,,1394,0.175
1453,0.572,,1395,0.196
1454,0.583,,1396,0.212
1455,0.609,,1397,0.231
1456,0.626,,1398,
1457,0.623,,1399,0.247
1458,0.649,,1400,0.257
1459,0.668,,1401,0.283
1460,0.685,,1402,0.295
1461,0.714,,1403,0.313
1462,0.71,,1404,0.335
1463,0.737,,1405,0.348
1464,0.765,,1406,0.365
1465,0.242,,1407,0.362
1466,0.007,,1408,0.401
1468,0.025,,1409,0.425
1469,0.043,,1410,0.442
1470,0.058,,1411,0.455
1471,0.073,,1412,0.471
1472,0.091,,1413,0.489
1473,0.111,,1414,0.512
1474,0.128,,1415,0.516
1475,0.146,,1416,0.548
1476,0.166,,1417,0.557
1477,0.043,,1418,0.066
1478,0,,1419,0.007
1479,0,,1420,
1480,0,,1421,0.024
1481,0.001,,1422,0.04
1482,0,,1423,0.059
1483,0.008,,1424,0.077
1484,0.027,,1425,0.093
1485,0.044,,1426,0.11
1486,0.062,,1427,0.128
1487,0.08,,1428,0.143
1488,0.09,,1429,0.162
1489,0.102,,1430,0.183
1490,0.134,,1431,0.2
1491,0.151,,1432,0.215
1492,0.166,,1433,0.229
1493,0.187,,1434,0.252
1495,0.207,,1435,0.263
1496,0.221,,1436,0.288
1497,0.234,,1437,0.307
1498,0.256,,1438,0.319
1499,0.274,,1439,0.341
1500,0.289,,1440,0.353
1501,0.312,,1441,0.366
1502,0.326,,1442,0.384
1503,0.347,,1443,0.401
1504,0.35,,1444,
1505,0.384,,1445,0.422
1506,0.394,,1446,0.441
1507,0.418,,1447,0.452
1508,0.437,,1448,0.451
1509,0.45,,1449,0.502
1510,0.473,,1450,0.518
1511,0.482,,1451,0.532
1512,0.487,,1452,0.556
1513,0.508,,1453,0.572
1514,0.533,,1454,0.583
1515,0.551,,1455,0.609
1516,0.561,,1456,0.626
1517,0.595,,1457,0.623
1518,0.616,,1458,0.649
1520,0.621,,1459,0.668
1521,0.617,,1460,0.685
1522,0.668,,1461,0.714
1523,0.658,,1462,0.71
1524,0.678,,1463,0.737
1525,0.706,,1464,0.765
1526,0.727,,1465,0.242
1527,0.399,,1466,0.007
1528,0.01,,1467,
1529,0.012,,1468,0.025
1530,0.03,,1469,0.043
1531,0.046,,1470,0.058
1532,0.064,,1471,0.073
1533,0.028,,1472,0.091
1534,0.007,,1473,0.111
1535,0.025,,1474,0.128
1536,0.043,,1475,0.146
1537,0.059,,1476,0.166
1538,0.075,,1477,0.043
1539,0.053,,1478,0
1540,0.004,,1479,0
1541,0.021,,1480,0
1542,0.032,,1481,0.001
1543,0,,1482,0
1545,0,,1483,0.008
1546,0,,1484,0.027
1547,0,,1485,0.044
1548,0,,1486,0.062
1549,0,,1487,0.08
1550,0,,1488,0.09
1551,0,,1489,0.102
1552,0,,1490,0.134
1553,0,,1491,0.151
1554,0,,1492,0.166
1555,0,,1493,0.187
1556,0,,1494,
1557,0.001,,1495,0.207
1558,0.002,,1496,0.221
1559,0.002,,1497,0.234
1560,0.017,,1498,0.256
1561,0.036,,1499,0.274
1562,0.054,,1500,0.289
1563,0.07,,1501,0.312
1564,0.087,,1502,0.326
1565,0.105,,1503,0.347
1566,0.123,,1504,0.35
1567,0.141,,1505,0.384
1569,0.16,,1506,0.394
1570,0.175,,1507,0.418
1571,0.192,,1508,0.437
1572,0.212,,1509,0.45
1573,0.227,,1510,0.473
1574,0.238,,1511,0.482
1575,0.266,,1512,0.487
1576,0.276,,1513,0.508
1577,0.301,,1514,0.533
1578,0.242,,1515,0.551
1579,0.003,,1516,0.561
1580,0.001,,1517,0.595
1581,0.004,,1518,0.616
1582,0.002,,1519,
1583,0.017,,1520,0.621
1584,0.002,,1521,0.617
1585,0.004,,1522,0.668
1586,0.021,,1523,0.658
1587,0.037,,1524,0.678
1588,0.054,,1525,0.706
1589,0.025,,1526,0.727
1590,0.002,,1527,0.399
1592,0.015,,1528,0.01
1593,0.032,,1529,0.012
1594,0.049,,1530,0.03
1595,0.067,,1531,0.046
1596,0.083,,1532,0.064
1597,0.102,,1533,0.028
1598,0.119,,1534,0.007
1599,0.133,,1535,0.025
1600,0.155,,1536,0.043
1601,0.173,,1537,0.059
1602,0.19,,1538,0.075
1603,0.204,,1539,0.053
1604,0.226,,1540,0.004
1605,0.243,,1541,0.021
1606,0.257,,1542,0.032
1607,0.27,,1543,0
1608,0.292,,1544,
1609,0.309,,1545,0
1610,0.331,,1546,0
1611,0.338,,1547,0
1612,0.362,,1548,0
1613,0.379,,1549,0
1615,0.402,,1550,0
1616,0.421,,1551,0
1617,0.424,,1552,0
1618,0.448,,1553,0
1619,0.466,,1554,0
1620,0.484,,1555,0
1621,0.509,,1556,0
1622,0.527,,1557,0.001
1623,0.374,,1558,0.002
1624,0.011,,1559,0.002
1625,0.029,,1560,0.017
1626,0.046,,1561,0.036
1627,0.065,,1562,0.054
1628,0.083,,1563,0.07
1629,0.1,,1564,0.087
1630,0.119,,1565,0.105
1631,0.135,,1566,0.123
1632,0.15,,1567,0.141
1633,0.16,,1568,
1634,0.191,,1569,0.16
1635,0.205,,1570,0.175
1636,0.227,,1571,0.192
1637,0.241,,1572,0.212
1638,0.258,,1573,0.227
1640,0.279,,1574,0.238
1641,0.296,,1575,0.266
1642,0.309,,1576,0.276
1643,0.332,,1577,0.301
1644,0.351,,1578,0.242
1645,0.368,,1579,0.003
1646,0.386,,1580,0.001
1647,0.395,,1581,0.004
1648,0.407,,1582,0.002
1649,0.42,,1583,0.017
1650,0.448,,1584,0.002
1651,0.466,,1585,0.004
1652,0.469,,1586,0.021
1653,0.506,,1587,0.037
1654,0.526,,1588,0.054
1655,0.546,,1589,0.025
1656,0.533,,1590,0.002
1657,0.57,,1591,
1658,0.587,,1592,0.015
1659,0.605,,1593,0.032
1660,0.64,,1594,0.049
1661,0.646,,1595,0.067
1662,0.666,,1596,0.083
1663,0.682,,1597,0.102
1665,0.692,,1598,0.119
1666,0.713,,1599,0.133
1667,0.715,,1600,0.155
1668,0.72,,1601,0.173
1669,0.773,,1602,0.19
1670,0.776,,1603,0.204
1671,0.807,,1604,0.226
1672,0.789,,1605,0.243
1673,0.841,,1606,0.257
1674,0.837,,1607,0.27
1675,0.877,,1608,0.292
1676,0.847,,1609,0.309
1677,0.887,,1610,0.331
1678,0.903,,1611,0.338
1679,0.917,,1612,0.362
1680,0.949,,1613,0.379
1681,0.967,,1614,
1682,0.987,,1615,0.402
1683,1.017,,1616,0.421
1684,1.038,,1617,0.424
1685,1.026,,1618,0.448
1686,1.061,,1619,0.466
1687,1.075,,1620,0.484
1688,1.104,,1621,0.509
1690,1.117,,1622,0.527
1691,1.13,,1623,0.374
1692,1.163,,1624,0.011
1693,1.18,,1625,0.029
1694,1.194,,1626,0.046
1695,1.216,,1627,0.065
1696,1.234,,1628,0.083
1697,1.249,,1629,0.1
1698,1.253,,1630,0.119
1699,1.251,,1631,0.135
1700,1.261,,1632,0.15
1701,1.221,,1633,0.16
1702,0.009,,1634,0.191
1703,0.027,,1635,0.205
1704,0.044,,1636,0.227
1705,0.061,,1637,0.241
1706,0.079,,1638,0.258
1707,0.095,,1639,
1708,0.115,,1640,0.279
1709,0.131,,1641,0.296
1710,0.152,,1642,0.309
1711,0.165,,1643,0.332
1713,0.185,,1644,0.351
1714,0.202,,1645,0.368
1715,0.219,,1646,0.386
1716,0.239,,1647,0.395
1717,0.252,,1648,0.407
1718,0.265,,1649,0.42
1719,0.288,,1650,0.448
1720,0.308,,1651,0.466
1721,0.148,,1652,0.469
1722,0.011,,1653,0.506
1723,0.028,,1654,0.526
1724,0.047,,1655,0.546
1725,0.064,,1656,0.533
1726,0.081,,1657,0.57
1727,0.099,,1658,0.587
1728,0.116,,1659,0.605
1729,0.135,,1660,0.64
1730,0.15,,1661,0.646
1731,0.167,,1662,0.666
1732,0.188,,1663,0.682
1733,0.206,,1664,
1734,0.223,,1665,0.692
1735,0.241,,1666,0.713
1737,0.258,,1667,0.715
1738,0.263,,1668,0.72
1739,0.289,,1669,0.773
1740,0.129,,1670,0.776
1741,0.02,,1671,0.807
1742,0.037,,1672,0.789
1743,0.054,,1673,0.841
1744,0.072,,1674,0.837
1745,0.088,,1675,0.877
1746,0.107,,1676,0.847
1747,0.124,,1677,0.887
1748,0.141,,1678,0.903
1749,0.159,,1679,0.917
1750,0.174,,1680,0.949
1751,0.193,,1681,0.967
1752,0.208,,1682,0.987
1753,0.232,,1683,1.017
1754,0.244,,1684,1.038
1755,0.265,,1685,1.026
1756,0.283,,1686,1.061
1757,0.301,,1687,1.075
1758,0.319,,1688,1.104
1759,0.335,,1689,
1761,0.353,,1690,1.117
1762,0.373,,1691,1.13
1763,0.384,,1692,1.163
1764,0.399,,1693,1.18
1765,0.405,,1694,1.194
1766,0.441,,1695,1.216
1767,0.443,,1696,1.234
1768,0.468,,1697,1.249
1769,0.479,,1698,1.253
1770,0.504,,1699,1.251
1771,0.521,,1700,1.261
1772,0.539,,1701,1.221
1773,0.558,,1702,0.009
1774,0.574,,1703,0.027
1775,0.601,,1704,0.044
1776,0.608,,1705,0.061
1777,0.558,,1706,0.079
1778,0.009,,1707,0.095
1779,0.026,,1708,0.115
1780,0.041,,1709,0.131
1781,0.06,,1710,0.152
1782,0.082,,1711,0.165
1783,0.098,,1712,
1784,0.117,,1713,0.185
1786,0.061,,1714,0.202
1787,0,,1715,0.219
1788,0.004,,1716,0.239
1789,0.021,,1717,0.252
1790,0.038,,1718,0.265
1791,0.056,,1719,0.288
1792,0.074,,1720,0.308
1793,0.091,,1721,0.148
1794,0.107,,1722,0.011
1795,0.127,,1723,0.028
1796,0.144,,1724,0.047
1797,0.162,,1725,0.064
1798,0.179,,1726,0.081
1799,0.197,,1727,0.099
1800,0.211,,1728,0.116
1801,0.231,,1729,0.135
1802,0.249,,1730,0.15
1803,0.249,,1731,0.167
1804,0.287,,1732,0.188
1805,0.297,,1733,0.206
1806,0.304,,1734,0.223
1807,0.332,,1735,0.241
1808,0.344,,1736,
1810,0.371,,1737,0.258
1811,0.386,,1738,0.263
1812,0.408,,1739,0.289
1813,0.425,,1740,0.129
1814,0.436,,1741,0.02
1815,0.46,,1742,0.037
1816,0.48,,1743,0.054
1817,0.498,,1744,0.072
1818,0.505,,1745,0.088
1819,0.516,,1746,0.107
1820,0.226,,1747,0.124
1821,0,,1748,0.141
1822,0.002,,1749,0.159
1823,0.005,,1750,0.174
1824,0.003,,1751,0.193
1825,0.019,,1752,0.208
1826,0.036,,1753,0.232
1827,0.054,,1754,0.244
1828,0.072,,1755,0.265
1829,0.086,,1756,0.283
1830,0.106,,1757,0.301
1832,0.123,,1758,0.319
1833,0.066,,1759,0.335
1834,0.008,,1760,
1835,0.026,,1761,0.353
1836,0.043,,1762,0.373
1837,0.061,,1763,0.384
1838,0.079,,1764,0.399
1839,0.095,,1765,0.405
1840,0.114,,1766,0.441
1841,0.132,,1767,0.443
1842,0.145,,1768,0.468
1843,0.01,,1769,0.479
1844,0.012,,1770,0.504
1845,0.03,,1771,0.521
1846,0.048,,1772,0.539
1847,0.066,,1773,0.558
1848,0.083,,1774,0.574
1849,0.099,,1775,0.601
1850,0.112,,1776,0.608
1851,0.139,,1777,0.558
1852,0.151,,1778,0.009
1853,0.169,,1779,0.026
1855,0.186,,1780,0.041
1856,0.203,,1781,0.06
1857,0.225,,1782,0.082
1858,0.241,,1783,0.098
1859,0.256,,1784,0.117
1860,0.27,,1785,
1861,0.295,,1786,0.061
1862,0.303,,1787,0
1863,0.321,,1788,0.004
1864,0.342,,1789,0.021
1865,0.366,,1790,0.038
1866,0.383,,1791,0.056
1867,0.396,,1792,0.074
1868,0.406,,1793,0.091
1869,0.431,,1794,0.107
1870,0.453,,1795,0.127
1871,0.448,,1796,0.144
1872,0.483,,1797,0.162
1873,0.485,,1798,0.179
1874,0.518,,1799,0.197
1875,0.535,,1800,0.211
1876,0.559,,1801,0.231
1877,0.554,,1802,0.249
1879,0.598,,1803,0.249
1880,0.597,,1804,0.287
1881,0.611,,1805,0.297
1882,0.644,,1806,0.304
1883,0.659,,1807,0.332
1884,0.663,,1808,0.344
1885,0.691,,1809,
1886,0.719,,1810,0.371
1887,0.74,,1811,0.386
1888,0.741,,1812,0.408
1889,0.761,,1813,0.425
1890,0.766,,1814,0.436
1891,0.798,,1815,0.46
1892,0.81,,1816,0.48
1893,0.818,,1817,0.498
1894,0.847,,1818,0.505
1895,0.87,,1819,0.516
1896,0.723,,1820,0.226
1897,0.009,,1821,0
1898,0.027,,1822,0.002
1899,0.045,,1823,0.005
1900,0.062,,1824,0.003
1901,0.08,,1825,0.019
1903,0.098,,1826,0.036
1904,0.109,,1827,0.054
1905,0.133,,1828,0.072
1906,0.149,,1829,0.086
1907,0.165,,1830,0.106
1908,0.183,,1831,
1909,0.204,,1832,0.123
1910,0.041,,1833,0.066
1911,0.017,,1834,0.008
1912,0.035,,1835,0.026
1913,0.052,,1836,0.043
1914,0.07,,1837,0.061
1915,0.088,,1838,0.079
1916,0.106,,1839,0.095
1917,0.116,,1840,0.114
1918,0.122,,1841,0.132
1919,0.011,,1842,0.145
1920,0.029,,1843,0.01
1921,0.046,,1844,0.012
1922,0.064,,1845,0.03
1923,0.082,,1846,0.048
1924,0.097,,1847,0.066
1925,0.117,,1848,0.083
1927,0.133,,1849,0.099
1928,0.153,,1850,0.112
1929,0.169,,1851,0.139
1930,0.187,,1852,0.151
1931,0.197,,1853,0.169
1932,0.211,,1854,
1933,0.237,,1855,0.186
1934,0.249,,1856,0.203
1935,0.273,,1857,0.225
1936,0.294,,1858,0.241
1937,0.141,,1859,0.256
1938,0.015,,1860,0.27
1939,0.033,,1861,0.295
1940,0.051,,1862,0.303
1941,0.064,,1863,0.321
1942,0.01,,1864,0.342
1943,0.019,,1865,0.366
1944,0.014,,1866,0.383
1945,0.032,,1867,0.396
1946,0.049,,1868,0.406
1947,0.068,,1869,0.431
1948,0.083,,1870,0.453
1949,0.098,,1871,0.448
1951,0.12,,1872,0.483
1952,0.139,,1873,0.485
1953,0.151,,1874,0.518
1954,0.174,,1875,0.535
1955,0.185,,1876,0.559
1956,0.209,,1877,0.554
1957,0.226,,1878,
1958,0.244,,1879,0.598
1959,0.261,,1880,0.597
1960,0.279,,1881,0.611
1961,0.293,,1882,0.644
1962,0.113,,1883,0.659
1963,0.02,,1884,0.663
1964,0.038,,1885,0.691
1965,0.055,,1886,0.719
1966,0.074,,1887,0.74
1967,0.089,,1888,0.741
1968,0.109,,1889,0.761
1969,0.095,,1890,0.766
1970,0.008,,1891,0.798
1971,0.006,,1892,0.81
1972,0.021,,1893,0.818
1974,0,,1894,0.847
1975,0,,1895,0.87
1976,0,,1896,0.723
1977,0,,1897,0.009
1978,0,,1898,0.027
1979,0,,1899,0.045
1980,0.011,,1900,0.062
1981,0.029,,1901,0.08
1982,0.047,,1902,
1983,0.064,,1903,0.098
1984,0.082,,1904,0.109
1985,0.1,,1905,0.133
1986,0.112,,1906,0.149
1987,0.135,,1907,0.165
1988,0.063,,1908,0.183
1989,0.018,,1909,0.204
1990,0.03,,1910,0.041
1991,0.005,,1911,0.017
1992,0.021,,1912,0.035
1993,0.039,,1913,0.052
1994,0.056,,1914,0.07
1995,0.073,,1915,0.088
1997,0.09,,1916,0.106
1998,0.108,,1917,0.116
1999,0.123,,1918,0.122
2000,0.133,,1919,0.011
2001,0.007,,1920,0.029
2002,0.01,,1921,0.046
2003,0.019,,1922,0.064
2004,0.037,,1923,0.082
2005,0.054,,1924,0.097
2006,0.021,,1925,0.117
2007,0.004,,1926,
2008,0.013,,1927,0.133
2009,0.001,,1928,0.153
2010,0.006,,1929,0.169
2011,0.023,,1930,0.187
2012,0.016,,1931,0.197
2013,0.02,,1932,0.211
2014,0.038,,1933,0.237
2015,0.055,,1934,0.249
2016,0.071,,1935,0.273
2017,0.092,,1936,0.294
2018,0.109,,1937,0.141
2019,0.127,,1938,0.015
2020,0.143,,1939,0.033
2021,0.161,,1940,0.051
2022,0.064,,1941,0.064
2023,0.021,,1942,0.01
2024,0.037,,1943,0.019
2026,0.056,,1944,0.014
2027,0.073,,1945,0.032
2028,0.092,,1946,0.049
2029,0.109,,1947,0.068
2030,0.126,,1948,0.083
2031,0.142,,1949,0.098
2032,0.162,,1950,
2033,0.172,,1951,0.12
2034,0.196,,1952,0.139
2035,0.214,,1953,0.151
2036,0.229,,1954,0.174
2037,0.251,,1955,0.185
2038,0.264,,1956,0.209
2039,0.285,,1957,0.226
2040,0.295,,1958,0.244
2041,0.318,,1959,0.261
2042,0.339,,1960,0.279
2043,0.352,,1961,0.293
2044,0.368,,1962,0.113
2045,0.392,,1963,0.02
2047,0.403,,1964,0.038
2048,0.408,,1965,0.055
2049,0.438,,1966,0.074
2050,0.435,,1967,0.089
2051,0.479,,1968,0.109
2052,0.491,,1969,0.095
2053,0.499,,1970,0.008
2054,0.527,,1971,0.006
2055,0.534,,1972,0.021
2056,0.557,,1973,
2057,0.578,,1974,0
2058,0.606,,1975,0
2059,0.618,,1976,0
2060,0.637,,1977,0
2061,0.659,,1978,0
2062,0.673,,1979,0
2063,0.68,,1980,0.011
2064,0.697,,1981,0.029
2065,0.725,,1982,0.047
2066,0.721,,1983,0.064
2067,0.761,,1984,0.082
2068,0.75,,1985,0.1
2069,0.797,,1986,0.112
2070,0.799,,1987,0.135
2071,0.807,,1988,0.063
2072,0.821,,1989,0.018
2073,0.864,,1990,0.03
2074,0.872,,1991,0.005
2075,0.904,,1992,0.021
2077,0.916,,1993,0.039
2078,0.925,,1994,0.056
2079,0.951,,1995,0.073
2080,0.064,,1996,
2081,0.025,,1997,0.09
2082,0.043,,1998,0.108
2083,0.06,,1999,0.123
2084,0.079,,2000,0.133
2085,0.097,,2001,0.007
2086,0.115,,2002,0.01
2087,0.132,,2003,0.019
2088,0.148,,2004,0.037
2089,0.167,,2005,0.054
2090,0.185,,2006,0.021
2091,0.2,,2007,0.004
2092,0.22,,2008,0.013
2093,0.238,,2009,0.001
2094,0.251,,2010,0.006
2095,0.261,,2011,0.023
2096,0.291,,2012,0.016
2098,0.246,,2013,0.02
2099,0.006,,2014,0.038
2100,0.01,,2015,0.055
2101,0.028,,2016,0.071
2102,0.045,,2017,0.092
2103,0.06,,2018,0.109
2104,0.08,,2019,0.127
2105,0.097,,2020,0.143
2106,0.115,,2021,0.161
2107,0.134,,2022,0.064
2108,0.152,,2023,0.021
2109,0.164,,2024,0.037
2110,0.186,,2025,
2111,0.204,,2026,0.056
2112,0.195,,2027,0.073
2113,0,,2028,0.092
2114,0,,2029,0.109
2115,0.003,,2030,0.126
2116,0.019,,2031,0.142
2117,0.037,,2032,0.162
2118,0.055,,2033,0.172
2119,0.072,,2034,0.196
2120,0.088,,2035,0.214
2121,0.046,,2036,0.229
2123,0.007,,2037,0.251
2124,0.004,,2038,0.264
2125,0.002,,2039,0.285
2126,0.008,,2040,0.295
2127,0.001,,2041,0.318
2128,0.009,,2042,0.339
2129,0.005,,2043,0.352
2130,0.002,,2044,0.368
2131,0.009,,2045,0.392
2132,0.026,,2046,
2133,0.004,,2047,0.403
2134,0.003,,2048,0.408
2135,0.009,,2049,0.438
2136,0.024,,2050,0.435
2137,0.007,,2051,0.479
2138,0.003,,2052,0.491
2139,0.008,,2053,0.499
2140,0.025,,2054,0.527
2141,0.025,,2055,0.534
2142,0.005,,2056,0.557
2143,0.022,,2057,0.578
2144,0.04,,2058,0.606
2145,0.057,,2059,0.618
2146,0.075,,2060,0.637
2148,0.093,,2061,0.659
2149,0.111,,2062,0.673
2150,0.128,,2063,0.68
2151,0.143,,2064,0.697
2152,0.164,,2065,0.725
2153,0.181,,2066,0.721
2154,0.194,,2067,0.761
2155,0.214,,2068,0.75
2156,0.234,,2069,0.797
2157,0.244,,2070,0.799
2158,0.266,,2071,0.807
2159,0.287,,2072,0.821
2160,0.296,,2073,0.864
2161,0.318,,2074,0.872
2162,0.336,,2075,0.904
2163,0.358,,2076,
2164,0.375,,2077,0.916
2165,0.403,,2078,0.925
2166,0.405,,2079,0.951
2167,0.414,,2080,0.064
2168,0.433,,2081,0.025
2169,0.458,,2082,0.043
2170,0.481,,2083,0.06
2172,0.492,,2084,0.079
2173,0.495,,2085,0.097
2174,0.535,,2086,0.115
2175,0.549,,2087,0.132
2176,0.558,,2088,0.148
2177,0.563,,2089,0.167
2178,0.594,,2090,0.185
2179,0.622,,2091,0.2
2180,0.64,,2092,0.22
2181,0.657,,2093,0.238
2182,0.666,,2094,0.251
2183,0.663,,2095,0.261
2184,0.71,,2096,0.291
2185,0.727,,2097,
2186,0.747,,2098,0.246
2187,0.765,,2099,0.006
2188,0,,2100,0.01
2189,0.001,,2101,0.028
2190,0.003,,2102,0.045
2191,0.019,,2103,0.06
2192,0.037,,2104,0.08
2193,0.03,,2105,0.097
2195,0.002,,2106,0.115
2196,0.003,,2107,0.134
2197,0.005,,2108,0.152
2198,0.008,,2109,0.164
2199,0.022,,2110,0.186
2200,0.039,,2111,0.204
2201,0.055,,2112,0.195
2202,0.074,,2113,0
2203,0.09,,2114,0
2204,0.013,,2115,0.003
2205,0.006,,2116,0.019
2206,0.023,,2117,0.037
2207,0.007,,2118,0.055
2208,0.018,,2119,0.072
2209,0.019,,2120,0.088
2210,0.007,,2121,0.046
2211,0.022,,2122,
2212,0.04,,2123,0.007
2213,0.004,,2124,0.004
2214,0.015,,2125,0.002
2215,0.033,,2126,0.008
2216,0.051,,2127,0.001
2217,0.068,,2128,0.009
2218,0.079,,2129,0.005
2220,0,,2130,0.002
2221,0.007,,2131,0.009
2222,0.004,,2132,0.026
2223,0.002,,2133,0.004
2224,0.011,,2134,0.003
2225,0.028,,2135,0.009
2226,0.046,,2136,0.024
2227,0.063,,2137,0.007
2228,0.081,,2138,0.003
2229,0.1,,2139,0.008
2230,0.111,,2140,0.025
2231,0.132,,2141,0.025
2232,0.149,,2142,0.005
2233,0.169,,2143,0.022
2234,0.037,,2144,0.04
2235,0.021,,2145,0.057
2236,0.038,,2146,0.075
2237,0.053,,2147,
2238,0.073,,2148,0.093
2239,0.092,,2149,0.111
2240,0.109,,2150,0.128
2241,0.129,,2151,0.143
2242,0.142,,2152,0.164
2243,0.162,,2153,0.181
2244,0.181,,2154,0.194
2246,0.197,,2155,0.214
2247,0.208,,2156,0.234
2248,0.231,,2157,0.244
2249,0.249,,2158,0.266
2250,0.266,,2159,0.287
2251,0.283,,2160,0.296
2252,0.305,,2161,0.318
2253,0.318,,2162,0.336
2254,0.34,,2163,0.358
2255,0.358,,2164,0.375
2256,0.369,,2165,0.403
2257,0.388,,2166,0.405
2258,0.407,,2167,0.414
2259,0.42,,2168,0.433
2260,0.439,,2169,0.458
2261,0.463,,2170,0.481
2262,0.467,,2171,
2263,0.484,,2172,0.492
2264,0.517,,2173,0.495
2265,0.527,,2174,0.535
2266,0.554,,2175,0.549
2267,0.569,,2176,0.558
2269,0.588,,2177,0.563
2270,0.604,,2178,0.594
2271,0.612,,2179,0.622
2272,0.641,,2180,0.64
2273,0.65,,2181,0.657
2274,0.676,,2182,0.666
2275,0.685,,2183,0.663
2276,0.71,,2184,0.71
2277,0.727,,2185,0.727
2278,0.746,,2186,0.747
2279,0.751,,2187,0.765
2280,0.769,,2188,0
2281,0.762,,2189,0.001
2282,0.77,,2190,0.003
2283,0.836,,2191,0.019
2284,0.807,,2192,0.037
2285,0.857,,2193,0.03
2286,0.878,,2194,
2287,0.91,,2195,0.002
2288,0.923,,2196,0.003
2289,0.938,,2197,0.005
2290,0.96,,2198,0.008
2292,0.975,,2199,0.022
2293,0.963,,2200,0.039
2294,0.965,,2201,0.055
2295,1.012,,2202,0.074
2296,1.017,,2203,0.09
2297,1.017,,2204,0.013
2298,1.064,,2205,0.006
2299,1.101,,2206,0.023
2300,0.92,,2207,0.007
2301,0.004,,2208,0.018
2302,0.007,,2209,0.019
2303,0.007,,2210,0.007
2304,0.001,,2211,0.022
2305,0.004,,2212,0.04
2306,0.009,,2213,0.004
2307,0.027,,2214,0.015
2308,0.044,,2215,0.033
2309,0.062,,2216,0.051
2310,0.078,,2217,0.068
2311,0.096,,2218,0.079
2312,0.112,,2219,
2313,0.133,,2220,0
2314,0.146,,2221,0.007
2315,0.165,,2222,0.004
2317,0.186,,2223,0.002
2318,0.203,,2224,0.011
2319,0.064,,2225,0.028
2320,0.004,,2226,0.046
2321,0.021,,2227,0.063
2322,0.038,,2228,0.081
2323,0.055,,2229,0.1
2324,0.031,,2230,0.111
2325,0.02,,2231,0.132
2326,0.037,,2232,0.149
2327,0.009,,2233,0.169
2328,0.027,,2234,0.037
2329,0.045,,2235,0.021
2330,0.02,,2236,0.038
2331,0.006,,2237,0.053
2332,0.023,,2238,0.073
2333,0.042,,2239,0.092
2334,0.059,,2240,0.109
2335,0.076,,2241,0.129
2336,0.094,,2242,0.142
2337,0.112,,2243,0.162
2338,0.129,,2244,0.181
2340,0.059,,2245,
2341,0,,2246,0.197
2342,0,,2247,0.208
2343,0,,2248,0.231
2344,0,,2249,0.249
2345,0,,2250,0.266
2346,0.001,,2251,0.283
2347,0.002,,2252,0.305
2348,0,,2253,0.318
2349,0,,2254,0.34
2350,0,,2255,0.358
2351,0,,2256,0.369
2352,0.001,,2257,0.388
2353,0.004,,2258,0.407
2354,0,,2259,0.42
2355,0.001,,2260,0.439
2356,0.002,,2261,0.463
2357,0.017,,2262,0.467
2358,0.035,,2263,0.484
2359,0.052,,2264,0.517
2360,0.071,,2265,0.527
2361,0.084,,2266,0.554
2362,0.104,,2267,0.569
2363,0.123,,2268,
2365,0.139,,2269,0.588
2366,0.156,,2270,0.604
2367,0.174,,2271,0.612
2368,0.101,,2272,0.641
2369,0.009,,2273,0.65
2370,0.021,,2274,0.676
2371,0.002,,2275,0.685
2372,0.017,,2276,0.71
2373,0.034,,2277,0.727
2374,0.052,,2278,0.746
2375,0.02,,2279,0.751
2376,0.014,,2280,0.769
2377,0.031,,2281,0.762
2378,0.049,,2282,0.77
2379,0.013,,2283,0.836
2380,0.014,,2284,0.807
2381,0.032,,2285,0.857
2382,0.047,,2286,0.878
2383,0.067,,2287,0.91
2384,0.086,,2288,0.923
2385,0.104,,2289,0.938
2387,0.121,,2290,0.96
2388,0.139,,2291,
2389,0.157,,2292,0.975
2390,0.174,,2293,0.963
2391,0.192,,2294,0.965
2392,0.209,,2295,1.012
2393,0.046,,2296,1.017
2394,0.023,,2297,1.017
2395,0.041,,2298,1.064
2396,0.059,,2299,1.101
2397,0.076,,2300,0.92
2398,0.093,,2301,0.004
2399,0.11,,2302,0.007
2400,0.128,,2303,0.007
2401,0.143,,2304,0.001
2402,0.163,,2305,0.004
2403,0.176,,2306,0.009
2404,0.194,,2307,0.027
2405,0.208,,2308,0.044
2406,0.236,,2309,0.062
2407,0.091,,2310,0.078
2408,0.021,,2311,0.096
2409,0.038,,2312,0.112
2411,0.056,,2313,0.133
2412,0.073,,2314,0.146
2413,0.09,,2315,0.165
2414,0.106,,2316,
2415,0.123,,2317,0.186
2416,0.142,,2318,0.203
2417,0.161,,2319,0.064
2418,0.177,,2320,0.004
2419,0.189,,2321,0.021
2420,0.212,,2322,0.038
2421,0.22,,2323,0.055
2422,0.242,,2324,0.031
2423,0.268,,2325,0.02
2424,0.282,,2326,0.037
2425,0.304,,2327,0.009
2426,0.307,,2328,0.027
2427,0.339,,2329,0.045
2428,0.356,,2330,0.02
2429,0.364,,2331,0.006
2430,0.392,,2332,0.023
2431,0.41,,2333,0.042
2432,0.42,,2334,0.059
2433,0.444,,2335,0.076
2434,0.459,,2336,0.094
2436,0.48,,2337,0.112
2437,0.489,,2338,0.129
2438,0.506,,2339,
2439,0.531,,2340,0.059
2440,0.548,,2341,0
2441,0.549,,2342,0
2442,0.583,,2343,0
2443,0.585,,2344,0
2444,0.62,,2345,0
2445,0.619,,2346,0.001
2446,0.656,,2347,0.002
2447,0.673,,2348,0
2448,0.681,,2349,0
2449,0.686,,2350,0
2450,0.707,,2351,0
2451,0.743,,2352,0.001
2452,0.759,,2353,0.004
2453,0.407,,2354,0
2454,0,,2355,0.001
2455,0,,2356,0.002
2456,0,,2357,0.017
2457,0,,2358,0.035
2458,0,,2359,0.052
2459,0,,2360,0.071
2460,0,,2361,0.084
2461,0,,2362,0.104
2463,0,,2363,0.123
2464,0,,2364,
2465,0.003,,2365,0.139
2466,0.014,,2366,0.156
2467,0.031,,2367,0.174
2468,0.05,,2368,0.101
2469,0.067,,2369,0.009
2470,0.083,,2370,0.021
2471,0.101,,2371,0.002
2472,0.119,,2372,0.017
2473,0.047,,2373,0.034
2474,0.013,,2374,0.052
2475,0.029,,2375,0.02
2476,0.05,,2376,0.014
2477,0.067,,2377,0.031
2478,0.084,,2378,0.049
2479,0.103,,2379,0.013
2480,0.116,,2380,0.014
2481,0.136,,2381,0.032
2482,0.154,,2382,0.047
2483,0.174,,2383,0.067
2484,0.188,,2384,0.086
2485,0.208,,2385,0.104
2486,0.22,,2386,
2488,0.243,,2387,0.121
2489,0.261,,2388,0.139
2490,0.275,,2389,0.157
2491,0.293,,2390,0.174
2492,0.31,,2391,0.192
2493,0.321,,2392,0.209
2494,0.346,,2393,0.046
2495,0.362,,2394,0.023
2496,0.379,,2395,0.041
2497,0.381,,2396,0.059
2498,0.423,,2397,0.076
2499,0.432,,2398,0.093
2500,0.444,,2399,0.11
2501,0.482,,2400,0.128
2502,0.49,,2401,0.143
2503,0.495,,2402,0.163
2504,0.527,,2403,0.176
2505,0.544,,2404,0.194
2506,0.547,,2405,0.208
2507,0.578,,2406,0.236
2508,0.573,,2407,0.091
2509,0.595,,2408,0.021
2510,0.623,,2409,0.038
2511,0.637,,2410,
2513,0.657,,2411,0.056
2514,0.649,,2412,0.073
2515,0.702,,2413,0.09
2516,0.711,,2414,0.106
2517,0.702,,2415,0.123
2518,0.76,,2416,0.142
2519,0.762,,2417,0.161
2520,0.79,,2418,0.177
2521,0.797,,2419,0.189
2522,0.779,,2420,0.212
2523,0.832,,2421,0.22
2524,0.858,,2422,0.242
2525,0.874,,2423,0.268
2526,0.9,,2424,0.282
2527,0.915,,2425,0.304
2528,0.93,,2426,0.307
2529,0.935,,2427,0.339
2530,0.954,,2428,0.356
2531,0.988,,2429,0.364
2532,0.988,,2430,0.392
2533,0.976,,2431,0.41
2534,0.979,,2432,0.42
2535,1.024,,2433,0.444
2536,1.068,,2434,0.459
2537,1.045,,2435,
2539,1.109,,2436,0.48
2540,1.109,,2437,0.489
2541,1.141,,2438,0.506
2542,1.164,,2439,0.531
2543,1.163,,2440,0.548
2544,1.2,,2441,0.549
2545,1.213,,2442,0.583
2546,1.214,,2443,0.585
2547,1.23,,2444,0.62
2548,1.27,,2445,0.619
2549,1.286,,2446,0.656
2550,1.31,,2447,0.673
2551,1.313,,2448,0.681
2552,1.336,,2449,0.686
2553,1.354,,2450,0.707
2554,1.354,,2451,0.743
2555,1.371,,2452,0.759
2556,1.367,,2453,0.407
2557,1.406,,2454,0
2558,1.417,,2455,0
2559,1.462,,2456,0
2561,1.473,,2457,0
2562,1.416,,2458,0
2563,1.489,,2459,0
2564,1.467,,2460,0
2565,1.544,,2461,0
2566,1.522,,2462,
2567,1.585,,2463,0
2568,1.562,,2464,0
2569,1.574,,2465,0.003
2570,1.615,,2466,0.014
2571,1.579,,2467,0.031
2572,1.557,,2468,0.05
2573,1.545,,2469,0.067
2574,0.008,,2470,0.083
2575,0.025,,2471,0.101
2576,0.043,,2472,0.119
2577,0.061,,2473,0.047
2578,0.079,,2474,0.013
2579,0.096,,2475,0.029
2580,0.113,,2476,0.05
2581,0.128,,2477,0.067
2582,0.087,,2478,0.084
2583,0.014,,2479,0.103
2584,0.032,,2480,0.116
2585,0.049,,2481,0.136
2586,0.067,,2482,0.154
2588,0.085,,2483,0.174
2589,0.096,,2484,0.188
2590,0.121,,2485,0.208
2591,0.138,,2486,0.22
2592,0.157,,2487,
2593,0.167,,2488,0.243
2594,0.134,,2489,0.261
2595,0.008,,2490,0.275
2596,0.016,,2491,0.293
2597,0.011,,2492,0.31
2598,0.024,,2493,0.321
2599,0.041,,2494,0.346
2600,0.059,,2495,0.362
2601,0.074,,2496,0.379
2602,0.094,,2497,0.381
2603,0.112,,2498,0.423
2604,0.128,,2499,0.432
2605,0.147,,2500,0.444
2606,0.163,,2501,0.482
2607,0.183,,2502,0.49
2608,0.198,,2503,0.495
2609,0.215,,2504,0.527
2611,0.232,,2505,0.544
2612,0.247,,2506,0.547
2613,0.251,,2507,0.578
2614,0.289,,2508,0.573
2615,0.303,,2509,0.595
2616,0.326,,2510,0.623
2617,0.338,,2511,0.637
2618,0.36,,2512,
2619,0.363,,2513,0.657
2620,0.39,,2514,0.649
2621,0.415,,2515,0.702
2622,0.431,,2516,0.711
2623,0.443,,2517,0.702
2624,0.465,,2518,0.76
2625,0.475,,2519,0.762
2626,0.478,,2520,0.79
2627,0.504,,2521,0.797
2628,0.526,,2522,0.779
2629,0.552,,2523,0.832
2630,0.573,,2524,0.858
2631,0.588,,2525,0.874
2632,0.589,,2526,0.9
2633,0.606,,2527,0.915
2634,0.631,,2528,0.93
2635,0.64,,2529,0.935
2637,0.677,,2530,0.954
2638,0.685,,2531,0.988
2639,0.703,,2532,0.988
2640,0.679,,2533,0.976
2641,0.769,,2534,0.979
2642,0.727,,2535,1.024
2643,0.758,,2536,1.068
2644,0.799,,2537,1.045
2645,0.805,,2538,
2646,0.836,,2539,1.109
2647,0.599,,2540,1.109
2648,0.005,,2541,1.141
2649,0.022,,2542,1.164
2650,0.039,,2543,1.163
2651,0.057,,2544,1.2
2652,0.072,,2545,1.213
2653,0.089,,2546,1.214
2654,0.109,,2547,1.23
2655,0.127,,2548,1.27
2656,0.144,,2549,1.286
2657,0.162,,2550,1.31
2658,0.179,,2551,1.313
2659,0.192,,2552,1.336
2660,0.213,,2553,1.354
2661,0.056,,2554,1.354
2662,0.008,,2555,1.371
2664,0.025,,2556,1.367
2665,0.044,,2557,1.406
2666,0.059,,2558,1.417
2667,0.078,,2559,1.462
2668,0.092,,2560,
2669,0.111,,2561,1.473
2670,0.13,,2562,1.416
2671,0.147,,2563,1.489
2672,0.165,,2564,1.467
2673,0.182,,2565,1.544
2674,0.196,,2566,1.522
2675,0.217,,2567,1.585
2676,0.238,,2568,1.562
2677,0.252,,2569,1.574
2678,0.138,,2570,1.615
2679,0,,2571,1.579
2680,0,,2572,1.557
2681,0,,2573,1.545
2682,0.005,,2574,0.008
2683,0.008,,2575,0.025
2684,0.005,,2576,0.043
2685,0.022,,2577,0.061
2686,0.039,,2578,0.079
2687,0.056,,2579,0.096
2688,0.075,,2580,0.113
2690,0.075,,2581,0.128
2691,0.003,,2582,0.087
2692,0.01,,2583,0.014
2693,0.005,,2584,0.032
2694,0.013,,2585,0.049
2695,0.014,,2586,0.067
2696,0.032,,2587,
2697,0.049,,2588,0.085
2698,0.066,,2589,0.096
2699,0.052,,2590,0.121
2700,0.007,,2591,0.138
2701,0.025,,2592,0.157
2702,0.043,,2593,0.167
2703,0.059,,2594,0.134
2704,0.077,,2595,0.008
2705,0.094,,2596,0.016
2706,0.106,,2597,0.011
2707,0.131,,2598,0.024
2708,0.15,,2599,0.041
2709,0.028,,2600,0.059
2710,0.012,,2601,0.074
2711,0.027,,2602,0.094
2712,0.01,,2603,0.112
2713,0.027,,2604,0.128
2714,0.032,,2605,0.147
2716,0.013,,2606,0.163
2717,0.031,,2607,0.183
2718,0.049,,2608,0.198
2719,0.051,,2609,0.215
2720,0,,2610,
2721,0.012,,2611,0.232
,,,2612,0.247
,,,2613,0.251
,,,2614,0.289
,,,2615,0.303
,,,2616,0.326
,,,2617,0.338
,,,2618,0.36
,,,2619,0.363
,,,2620,0.39
,,,2621,0.415
,,,2622,0.431
,,,2623,0.443
,,,2624,0.465
,,,2625,0.475
,,,2626,0.478
,,,2627,0.504
,,,2628,0.526
,,,2629,0.552
,,,2630,0.573
,,,2631,0.588
,,,2632,0.589
,,,2633,0.606
,,,2634,0.631
,,,2635,0.64
,,,2636,
,,,2637,0.677
,,,2638,0.685
,,,2639,0.703
,,,2640,0.679
,,,2641,0.769
,,,2642,0.727
,,,2643,0.758
,,,2644,0.799
,,,2645,0.805
,,,2646,0.836
,,,2647,0.599
,,,2648,0.005
,,,2649,0.022
,,,2650,0.039
,,,2651,0.057
,,,2652,0.072
,,,2653,0.089
,,,2654,0.109
,,,2655,0.127
,,,2656,0.144
,,,2657,0.162
,,,2658,0.179
,,,2659,0.192
,,,2660,0.213
,,,2661,0.056
,,,2662,0.008
,,,2663,
,,,2664,0.025
,,,2665,0.044
,,,2666,0.059
,,,2667,0.078
,,,2668,0.092
,,,2669,0.111
,,,2670,0.13
,,,2671,0.147
,,,2672,0.165
,,,2673,0.182
,,,2674,0.196
,,,2675,0.217
,,,2676,0.238
,,,2677,0.252
,,,2678,0.138
,,,2679,0
,,,2680,0
,,,2681,0
,,,2682,0.005
,,,2683,0.008
,,,2684,0.005
,,,2685,0.022
,,,2686,0.039
,,,2687,0.056
,,,2688,0.075
,,,2689,
,,,2690,0.075
,,,2691,0.003
,,,2692,0.01
,,,2693,0.005
,,,2694,0.013
,,,2695,0.014
,,,2696,0.032
,,,2697,0.049
,,,2698,0.066
,,,2699,0.052
,,,2700,0.007
,,,2701,0.025
,,,2702,0.043
,,,2703,0.059
,,,2704,0.077
,,,2705,0.094
,,,2706,0.106
,,,2707,0.131
,,,2708,0.15
,,,2709,0.028
,,,2710,0.012
,,,2711,0.027
,,,2712,0.01
,,,2713,0.027
,,,2714,0.032
,,,2715,
,,,2716,0.013
,,,2717,0.031
,,,2718,0.049
,,,2719,0.051
,,,2720,0
,,,2721,0.012
