Timestamp[s],Timestamp,PERCLOS
0,20:01:56,0.004232804
1,20:01:57,
2,20:01:58,0.003134796
3,20:01:59,0
4,20:02:00,0
5,20:02:01,0
6,20:02:02,0
8,20:02:04,0
9,20:02:05,0
10,20:02:06,0
11,20:02:07,0
12,20:02:08,0.001046025
13,20:02:09,0.00105042
14,20:02:10,0.001038422
15,20:02:11,0.002068252
16,20:02:12,0.008438819
17,20:02:13,0.025906736
18,20:02:14,0.044025157
19,20:02:15,0
20,20:02:16,0
21,20:02:17,0.005117707
22,20:02:18,0.000987167
23,20:02:19,0.007194245
24,20:02:20,0.001003009
25,20:02:21,0
26,20:02:22,0
27,20:02:23,0.001
28,20:02:24,0.004032258
29,20:02:25,0.002057613
30,20:02:26,0.014507772
31,20:02:27,0.004149378
33,20:02:29,0.003095975
34,20:02:30,0.007383966
35,20:02:31,0.003089598
36,20:02:32,0
37,20:02:33,0.001030928
38,20:02:34,0.003042596
39,20:02:35,0.001046025
40,20:02:36,0
41,20:02:37,0.001031992
42,20:02:38,0.001285347
43,20:02:39,0
44,20:02:40,0.001048218
45,20:02:41,0
46,20:02:42,0.006410256
47,20:02:43,0.023686921
48,20:02:44,0.041841004
49,20:02:45,0.059436913
50,20:02:46,0.002120891
51,20:02:47,0
52,20:02:48,0
53,20:02:49,0
55,20:02:51,0
56,20:02:52,0
57,20:02:53,0.003042596
58,20:02:54,0
59,20:02:55,0
60,20:02:56,0
61,20:02:57,0.00101833
62,20:02:58,0
63,20:02:59,0.001828154
64,20:03:00,0
65,20:03:01,0
66,20:03:02,0
67,20:03:03,0
68,20:03:04,0
69,20:03:05,0
70,20:03:06,0
71,20:03:07,0
72,20:03:08,0
73,20:03:09,0
74,20:03:10,0
75,20:03:11,0
77,20:03:13,0
78,20:03:14,0
79,20:03:15,0
80,20:03:16,0
81,20:03:17,0
83,20:03:19,0
84,20:03:20,0.000691085
85,20:03:21,0.018024513
86,20:03:22,0.001494768
87,20:03:23,0.03125
88,20:03:24,0
89,20:03:25,0
91,20:03:27,0
92,20:03:28,0
93,20:03:29,0.007668712
94,20:03:30,0
95,20:03:31,0
96,20:03:32,0
97,20:03:33,0
98,20:03:34,0.002079002
99,20:03:35,0.00308642
100,20:03:36,0.001049318
101,20:03:37,0
102,20:03:38,0
103,20:03:39,0.001010101
104,20:03:40,0.002081165
105,20:03:41,0.004197272
106,20:03:42,0
107,20:03:43,0.00101833
108,20:03:44,0.001062699
109,20:03:45,0
110,20:03:46,0
111,20:03:47,0
112,20:03:48,0
113,20:03:49,0.002096436
115,20:03:51,0.002028398
116,20:03:52,0.001022495
117,20:03:53,0.001033058
118,20:03:54,0.001052632
119,20:03:55,0.001031992
120,20:03:56,0
121,20:03:57,0.00307377
122,20:03:58,0
123,20:03:59,0
124,20:04:00,0
125,20:04:01,0
126,20:04:02,0.017653167
127,20:04:03,0.00524109
128,20:04:04,0.022988506
129,20:04:05,0.002085506
130,20:04:06,0
131,20:04:07,0
132,20:04:08,0
133,20:04:09,0
135,20:04:11,0.009483667
136,20:04:12,0.012345679
137,20:04:13,0.00286533
138,20:04:14,0
139,20:04:15,0
140,20:04:16,0.001049318
141,20:04:17,0.001055966
142,20:04:18,0.001025641
143,20:04:19,0
144,20:04:20,0
145,20:04:21,0.001031992
146,20:04:22,0
147,20:04:23,0.001030928
148,20:04:24,0.00102145
149,20:04:25,0.008205128
150,20:04:26,0.002105263
151,20:04:27,0.003141361
152,20:04:28,0
153,20:04:29,0
155,20:04:31,0.001037344
156,20:04:32,0.00102145
157,20:04:33,0.001022495
158,20:04:34,0.00102459
159,20:04:35,0.004060914
160,20:04:36,0
161,20:04:37,0
162,20:04:38,0.001031992
163,20:04:39,0
164,20:04:40,0.008080808
165,20:04:41,0.001009082
166,20:04:42,0
167,20:04:43,0.004119464
168,20:04:44,0
169,20:04:45,0.008130081
170,20:04:46,0.007306889
171,20:04:47,0.001037344
172,20:04:48,0
173,20:04:49,0
174,20:04:50,0.008171604
175,20:04:51,0.025458248
176,20:04:52,0.001033058
178,20:04:54,0.002076843
179,20:04:55,0.002057613
180,20:04:56,0.005159959
181,20:04:57,0.001033058
182,20:04:58,0.001029866
183,20:04:59,0
184,20:05:00,0.001019368
185,20:05:01,0.007284079
186,20:05:02,0.012345679
187,20:05:03,0.001041667
188,20:05:04,0
189,20:05:05,0.00814664
190,20:05:06,0.009345794
191,20:05:07,0.025720165
192,20:05:08,0.002068252
193,20:05:09,0.002094241
194,20:05:10,0.001037344
195,20:05:11,0.001040583
196,20:05:12,0.004158004
197,20:05:13,0.001046025
198,20:05:14,0.018691589
200,20:05:16,0.010373444
201,20:05:17,0.001031992
202,20:05:18,0.003092784
203,20:05:19,0.008290155
204,20:05:20,0.002034588
205,20:05:21,0
206,20:05:22,0.009533898
207,20:05:23,0.004179728
208,20:05:24,0.005128205
209,20:05:25,0.024691358
210,20:05:26,0.015321757
211,20:05:27,0.032494759
212,20:05:28,0.050052138
213,20:05:29,0.012257406
214,20:05:30,0.003076923
215,20:05:31,0.003181336
216,20:05:32,0.021299255
217,20:05:33,0.03822314
219,20:05:35,0.057446809
220,20:05:36,0.013541667
221,20:05:37,0.030832477
222,20:05:38,0.047861507
223,20:05:39,0.004158004
224,20:05:40,0
225,20:05:41,0.001043841
226,20:05:42,0
227,20:05:43,0.00310559
228,20:05:44,0.008213552
229,20:05:45,0.001041667
230,20:05:46,0.001044932
231,20:05:47,0.002068252
232,20:05:48,0.002116402
233,20:05:49,0.017382413
234,20:05:50,0.008492569
235,20:05:51,0.005175983
236,20:05:52,0.00408998
237,20:05:53,0.002053388
238,20:05:54,0.001027749
239,20:05:55,0.002109705
240,20:05:56,0.01336074
241,20:05:57,0.004188482
242,20:05:58,0.014492754
244,20:06:00,0.001040583
245,20:06:01,0.003045685
246,20:06:02,0
247,20:06:03,0.009326425
248,20:06:04,0.006282723
249,20:06:05,0.010341262
250,20:06:06,0
251,20:06:07,0.003174603
252,20:06:08,0.001035197
253,20:06:09,0.006355932
254,20:06:10,0.002118644
255,20:06:11,0.019607843
256,20:06:12,0.014358974
257,20:06:13,0.002024291
258,20:06:14,0
259,20:06:15,0.001031992
260,20:06:16,0.016736402
261,20:06:17,0
262,20:06:18,0.007150153
263,20:06:19,0.004264392
264,20:06:20,0
265,20:06:21,0
267,20:06:23,0.006122449
268,20:06:24,0
269,20:06:25,0
270,20:06:26,0
271,20:06:27,0
272,20:06:28,0
273,20:06:29,0.011542497
274,20:06:30,0.008196721
275,20:06:31,0.025879917
276,20:06:32,0.002094241
277,20:06:33,0.002096436
278,20:06:34,0.012383901
279,20:06:35,0.00625
280,20:06:36,0.001036269
281,20:06:37,0
282,20:06:38,0.001025641
283,20:06:39,0.002055498
284,20:06:40,0.002089864
285,20:06:41,0.00308642
286,20:06:42,0.005144033
287,20:06:43,0
288,20:06:44,0
289,20:06:45,0.015400411
291,20:06:47,0
292,20:06:48,0.003070624
293,20:06:49,0.00101626
294,20:06:50,0.018769552
295,20:06:51,0
296,20:06:52,0.017561983
297,20:06:53,0.001042753
298,20:06:54,0.001039501
299,20:06:55,0.007314525
300,20:06:56,0.010288066
301,20:06:57,0.004192872
302,20:06:58,0
303,20:06:59,0.007238883
304,20:07:00,0.003064351
305,20:07:01,0.010493179
306,20:07:02,0
307,20:07:03,0.001017294
308,20:07:04,0
309,20:07:05,0
310,20:07:06,0.001031992
311,20:07:07,0.003089598
313,20:07:09,0.010449321
314,20:07:10,0.004145078
315,20:07:11,0.001039501
316,20:07:12,0.014957265
317,20:07:13,0.004123711
318,20:07:14,0.021582734
319,20:07:15,0
320,20:07:16,0.011387164
321,20:07:17,0.001027749
322,20:07:18,0.006224066
323,20:07:19,0.002059732
324,20:07:20,0.001070664
325,20:07:21,0
326,20:07:22,0
327,20:07:23,0
328,20:07:24,0
329,20:07:25,0.010121457
330,20:07:26,0.001029866
331,20:07:27,0.007209063
332,20:07:28,0.010504202
333,20:07:29,0.02596054
335,20:07:31,0.017453799
336,20:07:32,0
337,20:07:33,0.002085506
338,20:07:34,0
339,20:07:35,0.007391763
340,20:07:36,0.003125
341,20:07:37,0.00104712
342,20:07:38,0.008474576
343,20:07:39,0
344,20:07:40,0
345,20:07:41,0.009211873
346,20:07:42,0.027027027
347,20:07:43,0.012409514
348,20:07:44,0.029258098
349,20:07:45,0
350,20:07:46,0.004132231
351,20:07:47,0.004102564
352,20:07:48,0.002074689
353,20:07:49,0.014507772
354,20:07:50,0.002567394
355,20:07:51,0.008273009
356,20:07:52,0.011398964
357,20:07:53,0.013636364
358,20:07:54,0.005302227
360,20:07:56,0.002087683
361,20:07:57,0.002061856
362,20:07:58,0.014522822
363,20:07:59,0.002076843
364,20:08:00,0
365,20:08:01,0.012295082
366,20:08:02,0.008264463
367,20:08:03,0
368,20:08:04,0.001023541
369,20:08:05,0.004127967
370,20:08:06,0.022082019
371,20:08:07,0
372,20:08:08,0.001064963
373,20:08:09,0.001020408
374,20:08:10,0
375,20:08:11,0
376,20:08:12,0.006237006
377,20:08:13,0.013569937
378,20:08:14,0.001027749
379,20:08:15,0.0093361
380,20:08:16,0
381,20:08:17,0.005219207
383,20:08:19,0.001030928
384,20:08:20,0.004153686
385,20:08:21,0.007186858
386,20:08:22,0.024033438
387,20:08:23,0.002087683
388,20:08:24,0.018808777
389,20:08:25,0.001049318
390,20:08:26,0
391,20:08:27,0.003009027
392,20:08:28,0.007135576
393,20:08:29,0.002068252
394,20:08:30,0.001042753
395,20:08:31,0.00204918
396,20:08:32,0.005302227
397,20:08:33,0
398,20:08:34,0.004232804
399,20:08:35,0.020964361
400,20:08:36,0
401,20:08:37,0.004171011
402,20:08:38,0.00101833
403,20:08:39,0.006243496
404,20:08:40,0
405,20:08:41,0.003128259
406,20:08:42,0.001030928
407,20:08:43,0
409,20:08:45,0
410,20:08:46,0.002074689
411,20:08:47,0.005149331
412,20:08:48,0.01144641
413,20:08:49,0
414,20:08:50,0.005263158
415,20:08:51,0.004206099
416,20:08:52,0
417,20:08:53,0
418,20:08:54,0.003161222
419,20:08:55,0
420,20:08:56,0.001030928
421,20:08:57,0.001039501
422,20:08:58,0.001041667
423,20:08:59,0.001033058
424,20:09:00,0.00104712
425,20:09:01,0.009193054
426,20:09:02,0.002083333
427,20:09:03,0.003157895
428,20:09:04,0.003089598
430,20:09:06,0
431,20:09:07,0.010515247
432,20:09:08,0.002072539
433,20:09:09,0.001051525
434,20:09:10,0.005230126
435,20:09:11,0.001049318
436,20:09:12,0
437,20:09:13,0.0093361
438,20:09:14,0
439,20:09:15,0
440,20:09:16,0.001026694
441,20:09:17,0.003138075
442,20:09:18,0
443,20:09:19,0.013402062
444,20:09:20,0
445,20:09:21,0.008385744
446,20:09:22,0.025252525
447,20:09:23,0.004136505
448,20:09:24,0.000999001
449,20:09:25,0.001017294
450,20:09:26,0.010384216
451,20:09:27,0.016528926
452,20:09:28,0
453,20:09:29,0.016528926
454,20:09:30,0.004094166
455,20:09:31,0
456,20:09:32,0.016701461
458,20:09:34,0.004115226
459,20:09:35,0.001273885
460,20:09:36,0.018423746
461,20:09:37,0.035639413
462,20:09:38,0.051387461
463,20:09:39,0
464,20:09:40,0.01336074
465,20:09:41,0.031982942
466,20:09:42,0.002079002
467,20:09:43,0.006224066
468,20:09:44,0.003161222
469,20:09:45,0.013527575
470,20:09:46,0.005070994
471,20:09:47,0.021761658
472,20:09:48,0.011530398
473,20:09:49,0.003841229
474,20:09:50,0.002114165
475,20:09:51,0.002068252
476,20:09:52,0.003108808
477,20:09:53,0.001031992
478,20:09:54,0
479,20:09:55,0.015756303
480,20:09:56,0.001043841
482,20:09:58,0.008188332
483,20:09:59,0.002072539
484,20:10:00,0.005117707
485,20:10:01,0.004065041
486,20:10:02,0.006160164
487,20:10:03,0.004110997
488,20:10:04,0.003067485
489,20:10:05,0.014314928
490,20:10:06,0.032085561
491,20:10:07,0.037872683
492,20:10:08,0.0041841
493,20:10:09,0.002076843
494,20:10:10,0.00509165
495,20:10:11,0.023305085
496,20:10:12,0.051912568
497,20:10:13,0.00105042
498,20:10:14,0.004056795
499,20:10:15,0.011410788
500,20:10:16,0.027282267
501,20:10:17,0
502,20:10:18,0.006269592
503,20:10:19,0.002070393
504,20:10:20,0.003092784
506,20:10:22,0.003128259
507,20:10:23,0.001043841
508,20:10:24,0
509,20:10:25,0
510,20:10:26,0
511,20:10:27,0.001034126
512,20:10:28,0.001039501
513,20:10:29,0.017726799
514,20:10:30,0.006796117
515,20:10:31,0.001051525
516,20:10:32,0.00102145
517,20:10:33,0.013626834
518,20:10:34,0.007194245
519,20:10:35,0.003115265
520,20:10:36,0
521,20:10:37,0.001068376
522,20:10:38,0
523,20:10:39,0
524,20:10:40,0.007329843
525,20:10:41,0.001053741
527,20:10:43,0.01572327
528,20:10:44,0.033264033
529,20:10:45,0.05025641
530,20:10:46,0.067831449
531,20:10:47,0.005274262
532,20:10:48,0
533,20:10:49,0.013527575
534,20:10:50,0.008290155
535,20:10:51,0.001034126
536,20:10:52,0.017598344
537,20:10:53,0.001046025
538,20:10:54,0.001041667
539,20:10:55,0.001057082
540,20:10:56,0.005422993
541,20:10:57,0.005219207
542,20:10:58,0
543,20:10:59,0.008342023
544,20:11:00,0.006269592
545,20:11:01,0.023638232
547,20:11:03,0.041493776
548,20:11:04,0.001076426
549,20:11:05,0.001034126
550,20:11:06,0.003194888
551,20:11:07,0.016427105
552,20:11:08,0.011258956
553,20:11:09,0.005219207
554,20:11:10,0
555,20:11:11,0
556,20:11:12,0
557,20:11:13,0
558,20:11:14,0.001039501
559,20:11:15,0.012987013
560,20:11:16,0.001051525
561,20:11:17,0
562,20:11:18,0.004123711
563,20:11:19,0.001033058
564,20:11:20,0.009287926
565,20:11:21,0.026584867
567,20:11:23,0.015608741
568,20:11:24,0
569,20:11:25,0.005324814
570,20:11:26,0.001036269
571,20:11:27,0.010405827
572,20:11:28,0.003118503
573,20:11:29,0.010537408
574,20:11:30,0.00524659
575,20:11:31,0.00105042
576,20:11:32,0.013278856
577,20:11:33,0.028741328
578,20:11:34,0.010152284
579,20:11:35,0.008088979
580,20:11:36,0
581,20:11:37,0.004008016
582,20:11:38,0
583,20:11:39,0.00102145
584,20:11:40,0.001038422
585,20:11:41,0
586,20:11:42,0
587,20:11:43,0.00102145
588,20:11:44,0
590,20:11:46,0
591,20:11:47,0.003174603
592,20:11:48,0
593,20:11:49,0.007150153
594,20:11:50,0.001017294
595,20:11:51,0
596,20:11:52,0.002057613
597,20:11:53,0.002047083
598,20:11:54,0.007238883
599,20:11:55,0.001041667
600,20:11:56,0.005235602
601,20:11:57,0.004149378
602,20:11:58,0.021875
603,20:11:59,0.006329114
604,20:12:00,0.011328527
605,20:12:01,0.006122449
606,20:12:02,0.004219409
607,20:12:03,0
609,20:12:05,0.007337526
610,20:12:06,0
611,20:12:07,0
612,20:12:08,0
613,20:12:09,0
614,20:12:10,0.003051882
615,20:12:11,0.002059732
616,20:12:12,0.001036269
617,20:12:13,0
618,20:12:14,0.001035197
619,20:12:15,0.001044932
620,20:12:16,0.003147954
621,20:12:17,0
622,20:12:18,0.00105042
623,20:12:19,0
624,20:12:20,0.012383901
625,20:12:21,0.002072539
626,20:12:22,0
627,20:12:23,0.003042596
628,20:12:24,0.001046025
629,20:12:25,0.001022495
630,20:12:26,0.011470282
632,20:12:28,0.029258098
633,20:12:29,0.006217617
634,20:12:30,0.008359457
635,20:12:31,0.010309278
636,20:12:32,0.027579162
637,20:12:33,0.004127967
638,20:12:34,0.001055966
639,20:12:35,0.012618297
640,20:12:36,0.011190234
641,20:12:37,0.027027027
642,20:12:38,0.044467425
643,20:12:39,0.062565172
644,20:12:40,0.001034126
645,20:12:41,0.008154944
646,20:12:42,0.002081165
647,20:12:43,0.011434511
648,20:12:44,0.017382413
649,20:12:45,0
650,20:12:46,0.008307373
652,20:12:48,0.010515247
653,20:12:49,0.026859504
654,20:12:50,0.00509684
655,20:12:51,0.001023541
656,20:12:52,0.018181818
657,20:12:53,0.036344756
658,20:12:54,0.007462687
659,20:12:55,0.025236593
660,20:12:56,0.043803419
661,20:12:57,0.002098636
662,20:12:58,0.00209205
663,20:12:59,0.002116402
664,20:13:00,0.001029866
665,20:13:01,0
666,20:13:02,0
667,20:13:03,0
668,20:13:04,0.001038422
669,20:13:05,0.007172131
670,20:13:06,0
671,20:13:07,0.001030928
672,20:13:08,0.004140787
674,20:13:10,0.003036437
675,20:13:11,0
676,20:13:12,0
677,20:13:13,0.001053741
678,20:13:14,0.001046025
679,20:13:15,0.001025641
680,20:13:16,0.001026694
681,20:13:17,0.001033058
682,20:13:18,0.00203666
683,20:13:19,0.001029866
684,20:13:20,0.002081165
685,20:13:21,0.001038422
686,20:13:22,0.002042901
687,20:13:23,0.001049318
688,20:13:24,0
689,20:13:25,0
690,20:13:26,0
691,20:13:27,0.003131524
692,20:13:28,0.018442623
693,20:13:29,0.002072539
694,20:13:30,0
696,20:13:32,0.001048218
697,20:13:33,0
698,20:13:34,0.008333333
699,20:13:35,0.002028398
700,20:13:36,0
701,20:13:37,0
702,20:13:38,0
703,20:13:39,0
704,20:13:40,0
705,20:13:41,0.005230126
706,20:13:42,0
707,20:13:43,0
708,20:13:44,0
709,20:13:45,0.002096436
710,20:13:46,0.00204499
711,20:13:47,0.012626263
712,20:13:48,0.001036269
713,20:13:49,0.010526316
714,20:13:50,0.002074689
715,20:13:51,0.002111932
716,20:13:52,0
718,20:13:54,0.009443861
719,20:13:55,0.014629049
720,20:13:56,0.008188332
721,20:13:57,0.026041667
722,20:13:58,0
723,20:13:59,0
724,20:14:00,0.002081165
725,20:14:01,0.003134796
726,20:14:02,0.005219207
727,20:14:03,0.012244898
728,20:14:04,0.029531568
729,20:14:05,0.009018036
730,20:14:06,0.025922233
731,20:14:07,0.044513458
732,20:14:08,0.077120823
733,20:14:09,0.006097561
734,20:14:10,0.023397762
735,20:14:11,0.040526849
736,20:14:12,0.057692308
737,20:14:13,0.010070493
738,20:14:14,0.027108434
739,20:14:15,0.043788187
740,20:14:16,0.010121457
741,20:14:17,0.00101626
742,20:14:18,0.002030457
743,20:14:19,0.01
745,20:14:21,0.028066528
746,20:14:22,0
747,20:14:23,0.00105042
748,20:14:24,0.001036269
749,20:14:25,0
750,20:14:26,0.005170631
751,20:14:27,0.022128556
752,20:14:28,0.007291667
753,20:14:29,0.001027749
754,20:14:30,0
755,20:14:31,0.001049318
756,20:14:32,0.005219207
757,20:14:33,0
758,20:14:34,0.005144033
759,20:14:35,0.022774327
760,20:14:36,0.041226216
761,20:14:37,0.059009484
762,20:14:38,0.075
763,20:14:39,0.092901879
764,20:14:40,0.007423118
765,20:14:41,0.001036269
766,20:14:42,0.010504202
768,20:14:44,0.001031992
769,20:14:45,0.010351967
770,20:14:46,0
771,20:14:47,0.011482255
772,20:14:48,0
773,20:14:49,0
774,20:14:50,0.003015075
775,20:14:51,0.020512821
776,20:14:52,0.014314928
777,20:14:53,0.030895984
778,20:14:54,0.013306039
779,20:14:55,0.012282497
780,20:14:56,0.001029866
781,20:14:57,0.012396694
782,20:14:58,0
783,20:14:59,0.01371308
784,20:15:00,0.031612223
785,20:15:01,0.048403708
786,20:15:02,0.064974619
788,20:15:04,0.001026694
789,20:15:05,0.00422833
790,20:15:06,0
791,20:15:07,0.009259259
792,20:15:08,0.001043841
793,20:15:09,0.00621118
794,20:15:10,0.02408377
795,20:15:11,0.011090573
796,20:15:12,0.003171247
797,20:15:13,0.019709544
798,20:15:14,0.021770682
799,20:15:15,0.032873807
800,20:15:16,0.005108557
801,20:15:17,0.011866235
802,20:15:18,0.029045643
803,20:15:19,0.046487603
804,20:15:20,0.008333333
805,20:15:21,0.004094166
806,20:15:22,0.001035197
807,20:15:23,0.001043841
809,20:15:25,0.017689906
810,20:15:26,0.004246285
811,20:15:27,0
812,20:15:28,0.002072539
813,20:15:29,0.010183299
814,20:15:30,0.027162978
815,20:15:31,0.001040583
816,20:15:32,0.01242236
817,20:15:33,0.002094241
818,20:15:34,0
819,20:15:35,0.002085506
820,20:15:36,0.011340206
821,20:15:37,0.027720739
822,20:15:38,0.046025105
823,20:15:39,0.062827225
824,20:15:40,0.002103049
825,20:15:41,0.023195876
826,20:15:42,0.010570825
827,20:15:43,0.008171604
828,20:15:44,0.02617801
829,20:15:45,0.044728435
830,20:15:46,0.00204918
831,20:15:47,0.007216495
832,20:15:48,0.025183631
833,20:15:49,0.013429752
834,20:15:50,0.001642036
836,20:15:52,0.002030457
837,20:15:53,0.006072874
838,20:15:54,0.002034588
839,20:15:55,0.019771072
840,20:15:56,0.003112033
841,20:15:57,0.019648397
842,20:15:58,0.036119711
843,20:15:59,0.053497942
844,20:16:00,0.003070624
845,20:16:01,0.005144033
846,20:16:02,0.013
847,20:16:03,0.007121058
848,20:16:04,0.004171011
849,20:16:05,0.022128556
850,20:16:06,0.036923077
851,20:16:07,0.055789474
852,20:16:08,0.071134021
853,20:16:09,0.088633994
854,20:16:10,0.003099174
855,20:16:11,0.003092784
856,20:16:12,0.002053388
857,20:16:13,0.002781641
859,20:16:15,0.007345226
860,20:16:16,0.006276151
861,20:16:17,0.012332991
862,20:16:18,0
863,20:16:19,0.001036269
864,20:16:20,0.005112474
865,20:16:21,0.022082019
866,20:16:22,0.001049318
867,20:16:23,0.00390625
868,20:16:24,0.002105263
869,20:16:25,0.014629049
870,20:16:26,0.012944984
871,20:16:27,0
872,20:16:28,0.001035197
873,20:16:29,0.004123711
874,20:16:30,0.021560575
875,20:16:31,0.015978695
876,20:16:32,0.028865979
877,20:16:33,0.006141249
879,20:16:35,0
880,20:16:36,0.004140787
881,20:16:37,0.001278772
882,20:16:38,0.004179728
883,20:16:39,0
884,20:16:40,0.001028807
885,20:16:41,0.01371308
886,20:16:42,0
887,20:16:43,0.009221311
888,20:16:44,0.002070393
889,20:16:45,0
890,20:16:46,0.001088139
891,20:16:47,0.001808318
892,20:16:48,0.014403292
893,20:16:49,0.030959752
894,20:16:50,0.00524109
895,20:16:51,0.001039501
896,20:16:52,0.012526096
897,20:16:53,0.016359918
898,20:16:54,0.033719705
899,20:16:55,0.005197505
901,20:16:57,0.00623053
902,20:16:58,0.023760331
903,20:16:59,0.001036269
904,20:17:00,0
905,20:17:01,0.009345794
906,20:17:02,0
907,20:17:03,0
908,20:17:04,0.001038422
909,20:17:05,0.002038736
910,20:17:06,0
911,20:17:07,0.005175983
912,20:17:08,0.001039501
913,20:17:09,0
914,20:17:10,0.010449321
915,20:17:11,0.001041667
916,20:17:12,0.004158004
917,20:17:13,0.001028807
918,20:17:14,0.002123142
919,20:17:15,0.002096436
920,20:17:16,0.005274262
921,20:17:17,0.02189781
923,20:17:19,0.00105042
924,20:17:20,0
925,20:17:21,0
926,20:17:22,0.001273885
927,20:17:23,0
928,20:17:24,0
929,20:17:25,0
930,20:17:26,0.008298755
931,20:17:27,0.001039501
932,20:17:28,0
933,20:17:29,0
934,20:17:30,0.002116402
935,20:17:31,0.005192108
936,20:17:32,0
937,20:17:33,0.004004004
938,20:17:34,0.004219409
939,20:17:35,0.00204918
940,20:17:36,0.003161222
941,20:17:37,0.005202914
942,20:17:38,0.009414226
944,20:17:40,0
945,20:17:41,0.002074689
946,20:17:42,0.001037344
947,20:17:43,0.006376196
948,20:17:44,0
949,20:17:45,0.002066116
950,20:17:46,0
951,20:17:47,0
952,20:17:48,0
953,20:17:49,0
954,20:17:50,0.004115226
955,20:17:51,0
956,20:17:52,0
957,20:17:53,0.003112033
958,20:17:54,0
959,20:17:55,0
960,20:17:56,0
961,20:17:57,0.014583333
962,20:17:58,0.031282586
963,20:17:59,0
964,20:18:00,0.00101833
965,20:18:01,0.007641921
967,20:18:03,0
968,20:18:04,0.006321113
969,20:18:05,0.002059732
970,20:18:06,0
971,20:18:07,0
972,20:18:08,0
973,20:18:09,0.012779553
974,20:18:10,0.006204757
975,20:18:11,0
976,20:18:12,0.014268728
977,20:18:13,0.002074689
978,20:18:14,0.001046025
979,20:18:15,0.005117707
980,20:18:16,0
981,20:18:17,0
982,20:18:18,0
983,20:18:19,0.007106599
984,20:18:20,0
985,20:18:21,0.001037344
986,20:18:22,0
988,20:18:24,0.001033058
989,20:18:25,0
990,20:18:26,0.00210084
991,20:18:27,0.001033058
992,20:18:28,0.006224066
993,20:18:29,0.008421053
994,20:18:30,0.005186722
995,20:18:31,0.005197505
996,20:18:32,0.002094241
997,20:18:33,0
998,20:18:34,0.002076843
999,20:18:35,0.00408998
1000,20:18:36,0.004110997
1001,20:18:37,0.003972195
1002,20:18:38,0.004102564
1003,20:18:39,0
1004,20:18:40,0
1005,20:18:41,0.003030303
1006,20:18:42,0.00508647
1007,20:18:43,0
1008,20:18:44,0.001029866
1009,20:18:45,0.003070624
1011,20:18:47,0.010214505
1012,20:18:48,0.008205128
1013,20:18:49,0.006024096
1014,20:18:50,0.00716479
1015,20:18:51,0.001022495
1016,20:18:52,0.002365931
1017,20:18:53,0
1018,20:18:54,0.003067485
1019,20:18:55,0.001041667
1020,20:18:56,0.003151261
1021,20:18:57,0.008359457
1022,20:18:58,0.001037344
1023,20:18:59,0.001010101
1024,20:19:00,0.017745303
1025,20:19:01,0
1026,20:19:02,0
1027,20:19:03,0.001023541
1028,20:19:04,0.001020408
1029,20:19:05,0.018927445
1030,20:19:06,0.004232804
1031,20:19:07,0.010559662
1032,20:19:08,0.027225131
1033,20:19:09,0.015608741
1035,20:19:11,0.033472803
1036,20:19:12,0
1037,20:19:13,0.004175365
1038,20:19:14,0.001049318
1039,20:19:15,0.004206099
1040,20:19:16,0
1041,20:19:17,0.007223942
1042,20:19:18,0.010471204
1043,20:19:19,0.001043841
1044,20:19:20,0
1045,20:19:21,0.01761658
1046,20:19:22,0.035306334
1047,20:19:23,0.052523172
1048,20:19:24,0.007253886
1049,20:19:25,0.025157233
1050,20:19:26,0.003121748
1051,20:19:27,0.006141249
1052,20:19:28,0.007238883
1053,20:19:29,0.014507772
1054,20:19:30,0.002070393
1055,20:19:31,0.02
1057,20:19:33,0
1058,20:19:34,0.001041667
1059,20:19:35,0.010438413
1060,20:19:36,0.001035197
1061,20:19:37,0
1062,20:19:38,0
1063,20:19:39,0.007415254
1064,20:19:40,0.002066116
1065,20:19:41,0.001053741
1066,20:19:42,0.017671518
1067,20:19:43,0.002111932
1068,20:19:44,0.002066116
1069,20:19:45,0.014522822
1070,20:19:46,0.002026342
1071,20:19:47,0.001059322
1072,20:19:48,0.001036269
1073,20:19:49,0.008171604
1074,20:19:50,0.001046025
1075,20:19:51,0.007276507
1076,20:19:52,0
1078,20:19:54,0
1079,20:19:55,0.010548523
1080,20:19:56,0.001028807
1081,20:19:57,0.00502008
1082,20:19:58,0.002024291
1083,20:19:59,0.001028807
1084,20:20:00,0.006006006
1085,20:20:01,0
1086,20:20:02,0.00203666
1087,20:20:03,0.002028398
1088,20:20:04,0.012295082
1089,20:20:05,0.005050505
1090,20:20:06,0.004008016
1091,20:20:07,0
1092,20:20:08,0
1093,20:20:09,0.000997009
1094,20:20:10,0.001017294
1095,20:20:11,0.004012036
1096,20:20:12,0.020491803
1097,20:20:13,0
1098,20:20:14,0.01565762
1099,20:20:15,0.00212766
1100,20:20:16,0.002063983
1101,20:20:17,0.003095975
1102,20:20:18,0
1103,20:20:19,0.00101626
1104,20:20:20,0
1106,20:20:22,0.002057613
1107,20:20:23,0
1108,20:20:24,0
1109,20:20:25,0.001014199
1110,20:20:26,0
1111,20:20:27,0.008333333
1112,20:20:28,0
1113,20:20:29,0
1114,20:20:30,0.007201646
1115,20:20:31,0
1116,20:20:32,0.001049318
1117,20:20:33,0.00102145
1118,20:20:34,0
1119,20:20:35,0.010070493
1120,20:20:36,0.007391763
1121,20:20:37,0.025052192
1122,20:20:38,0.001038422
1124,20:20:40,0.0041841
1125,20:20:41,0.021516393
1126,20:20:42,0.004162331
1127,20:20:43,0.015384615
1128,20:20:44,0.021943574
1129,20:20:45,0.032467532
1130,20:20:46,0.049111808
1131,20:20:47,0.06557377
1132,20:20:48,0.005213764
1133,20:20:49,0.009355509
1134,20:20:50,0.009574468
1135,20:20:51,0.025210084
1136,20:20:52,0
1137,20:20:53,0
1138,20:20:54,0.005219207
1139,20:20:55,0
1140,20:20:56,0.016649324
1141,20:20:57,0.006309148
1142,20:20:58,0.003033367
1143,20:20:59,0.017653167
1144,20:21:00,0.035379813
1145,20:21:01,0.007216495
1147,20:21:03,0.023834197
1148,20:21:04,0
1149,20:21:05,0.014522822
1150,20:21:06,0.012526096
1151,20:21:07,0.012671595
1152,20:21:08,0.029958678
1153,20:21:09,0.00308642
1154,20:21:10,0.002018163
1155,20:21:11,0.006224066
1156,20:21:12,0.023809524
1157,20:21:13,0
1158,20:21:14,0.001022495
1159,20:21:15,0
1160,20:21:16,0.001043841
1161,20:21:17,0.017838405
1162,20:21:18,0.012618297
1163,20:21:19,0.001054852
1164,20:21:20,0.00610998
1165,20:21:21,0.015560166
1167,20:21:23,0.010298661
1168,20:21:24,0.026041667
1169,20:21:25,0.018567639
1170,20:21:26,0.032224532
1171,20:21:27,0.011293634
1172,20:21:28,0.001035197
1173,20:21:29,0.01025641
1174,20:21:30,0.001029866
1175,20:21:31,0.002103049
1176,20:21:32,0.00102459
1177,20:21:33,0.001044932
1178,20:21:34,0.001017294
1179,20:21:35,0.006263048
1180,20:21:36,0.001028807
1181,20:21:37,0.004094166
1182,20:21:38,0.001041667
1183,20:21:39,0.016477858
1184,20:21:40,0.006122449
1185,20:21:41,0.02247191
1186,20:21:42,0.005230126
1188,20:21:44,0.002034588
1189,20:21:45,0.002072539
1190,20:21:46,0.019328586
1191,20:21:47,0.037037037
1192,20:21:48,0.053278689
1193,20:21:49,0
1194,20:21:50,0.010559662
1195,20:21:51,0.027484144
1196,20:21:52,0.044979079
1197,20:21:53,0.061983471
1198,20:21:54,0.078920042
1199,20:21:55,0.008412198
1200,20:21:56,0.026068822
1201,20:21:57,0.007291667
1202,20:21:58,0.001043841
1203,20:21:59,0.003141361
1204,20:22:00,0.009365245
1205,20:22:01,0.003083248
1206,20:22:02,0.007261411
1207,20:22:03,0.003102378
1208,20:22:04,0.01552795
1209,20:22:05,0
1211,20:22:07,0.004052685
1212,20:22:08,0.021989529
1213,20:22:09,0.005219207
1214,20:22:10,0.013513514
1215,20:22:11,0.010141988
1216,20:22:12,0.001044932
1217,20:22:13,0.007268951
1218,20:22:14,0.00621118
1219,20:22:15,0.002022245
1220,20:22:16,0.014537902
1221,20:22:17,0.0125
1222,20:22:18,0.029442692
1223,20:22:19,0.002059732
1224,20:22:20,0.011506276
1225,20:22:21,0.003149606
1226,20:22:22,0.006198347
1227,20:22:23,0.003067485
1228,20:22:24,0.004132231
1229,20:22:25,0.009414226
1230,20:22:26,0.010183299
1231,20:22:27,0.007261411
1232,20:22:28,0.003112033
1233,20:22:29,0.002118644
1235,20:22:31,0.001037344
1236,20:22:32,0.003112033
1237,20:22:33,0
1238,20:22:34,0.001035197
1239,20:22:35,0.019067797
1240,20:22:36,0.00204918
1241,20:22:37,0.018691589
1242,20:22:38,0
1243,20:22:39,0.003092784
1244,20:22:40,0
1245,20:22:41,0.001023541
1246,20:22:42,0.002079002
1247,20:22:43,0.002076843
1248,20:22:44,0
1249,20:22:45,0
1250,20:22:46,0
1251,20:22:47,0.012108981
1252,20:22:48,0.00508647
1253,20:22:49,0.012935323
1254,20:22:50,0.003061224
1255,20:22:51,0.004028197
1256,20:22:52,0.001020408
1257,20:22:53,0
1258,20:22:54,0
1260,20:22:56,0
1261,20:22:57,0
1262,20:22:58,0.012513034
1263,20:22:59,0.030334728
1264,20:23:00,0.048016701
1265,20:23:01,0.065887354
1266,20:23:02,0
1267,20:23:03,0.002061856
1268,20:23:04,0.010351967
1269,20:23:05,0.002096436
1270,20:23:06,0.014341591
1271,20:23:07,0.002114165
1272,20:23:08,0.002094241
1273,20:23:09,0.00307377
1274,20:23:10,0.003174603
1275,20:23:11,0.001042753
1276,20:23:12,0.001038422
1277,20:23:13,0.013499481
1278,20:23:14,0.002055498
1279,20:23:15,0.004119464
1280,20:23:16,0.00104712
1281,20:23:17,0.014344262
1283,20:23:19,0
1284,20:23:20,0.005149331
1285,20:23:21,0.001054852
1286,20:23:22,0.001074114
1287,20:23:23,0.005279831
1288,20:23:24,0.001029866
1289,20:23:25,0.003024194
1290,20:23:26,0.001033058
1291,20:23:27,0.018575851
1292,20:23:28,0.002074689
1293,20:23:29,0.006147541
1294,20:23:30,0.006217617
1295,20:23:31,0.002063983
1296,20:23:32,0.003108808
1297,20:23:33,0
1298,20:23:34,0.002057613
1299,20:23:35,0.001030928
1300,20:23:36,0.00524109
1301,20:23:37,0
1303,20:23:39,0.001038422
1304,20:23:40,0.001043841
1305,20:23:41,0
1306,20:23:42,0
1307,20:23:43,0.001033058
1308,20:23:44,0.018518519
1309,20:23:45,0.001039501
1310,20:23:46,0.003089598
1311,20:23:47,0.003147954
1312,20:23:48,0.001025641
1313,20:23:49,0.002051282
1314,20:23:50,0.0093361
1315,20:23:51,0.003154574
1316,20:23:52,0.019648397
1317,20:23:53,0.001033058
1318,20:23:54,0.010504202
1319,20:23:55,0.002068252
1320,20:23:56,0
1321,20:23:57,0
1322,20:23:58,0.001028807
1323,20:23:59,0.003121748
1324,20:24:00,0.005181347
1326,20:24:02,0.00408998
1327,20:24:03,0.001038422
1328,20:24:04,0.002118644
1329,20:24:05,0.019507187
1330,20:24:06,0.00619195
1331,20:24:07,0.00310559
1332,20:24:08,0.008359457
1333,20:24:09,0.00524109
1334,20:24:10,0
1335,20:24:11,0.015756303
1336,20:24:12,0.016443988
1337,20:24:13,0.009221311
1338,20:24:14,0.027310924
1339,20:24:15,0.035478548
1340,20:24:16,0.062367865
1341,20:24:17,0.080338266
1342,20:24:18,0.007383966
1343,20:24:19,0
1344,20:24:20,0.003039514
1346,20:24:22,0.002063983
1347,20:24:23,0.019709544
1348,20:24:24,0.037539103
1349,20:24:25,0.012358393
1350,20:24:26,0.001068376
1351,20:24:27,0.007231405
1352,20:24:28,0
1353,20:24:29,0
1354,20:24:30,0.001049318
1355,20:24:31,0
1356,20:24:32,0
1357,20:24:33,0.001040583
1358,20:24:34,0.007306889
1359,20:24:35,0
1360,20:24:36,0.009307135
1361,20:24:37,0.001052632
1362,20:24:38,0
1363,20:24:39,0.00729927
1364,20:24:40,0.008188332
1365,20:24:41,0
1366,20:24:42,0.007276507
1368,20:24:44,0.001035197
1369,20:24:45,0.01565762
1370,20:24:46,0
1371,20:24:47,0.00105042
1372,20:24:48,0.001060445
1373,20:24:49,0.004175365
1374,20:24:50,0.001048218
1375,20:24:51,0.001061571
1376,20:24:52,0.002079002
1377,20:24:53,0
1378,20:24:54,0.005159959
1379,20:24:55,0.027272727
1380,20:24:56,0.001040583
1381,20:24:57,0.001040583
1382,20:24:58,0
1383,20:24:59,0.001044932
1384,20:25:00,0
1385,20:25:01,0
1386,20:25:02,0.003177966
1388,20:25:04,0.004158004
1389,20:25:05,0.001030928
1390,20:25:06,0
1391,20:25:07,0.002079002
1392,20:25:08,0
1393,20:25:09,0.001035197
1394,20:25:10,0.00931677
1395,20:25:11,0
1396,20:25:12,0.001064963
1397,20:25:13,0.00104712
1398,20:25:14,0.010438413
1399,20:25:15,0.003157895
1400,20:25:16,0.005181347
1401,20:25:17,0.002072539
1402,20:25:18,0.015576324
1403,20:25:19,0.001036269
1404,20:25:20,0
1405,20:25:21,0.001030928
1407,20:25:23,0
1408,20:25:24,0
1409,20:25:25,0
1410,20:25:26,0
1411,20:25:27,0.007231405
1412,20:25:28,0.025289779
1413,20:25:29,0
1414,20:25:30,0.002061856
1415,20:25:31,0.020127119
1416,20:25:32,0.011853448
1417,20:25:33,0.002098636
1418,20:25:34,0
1419,20:25:35,0
1420,20:25:36,0
1421,20:25:37,0.009297521
1422,20:25:38,0.008510638
1423,20:25:39,0.001038422
1424,20:25:40,0.001007049
1425,20:25:41,0
1426,20:25:42,0.008008008
1427,20:25:43,0
1428,20:25:44,0.003236246
1429,20:25:45,0.007376185
1431,20:25:47,0
1432,20:25:48,0
1433,20:25:49,0.004110997
1434,20:25:50,0
1435,20:25:51,0.001054852
1436,20:25:52,0.003118503
1437,20:25:53,0.009365245
1438,20:25:54,0.003131524
1439,20:25:55,0.005252101
1440,20:25:56,0.01338826
1441,20:25:57,0.006217617
1442,20:25:58,0.009404389
1443,20:25:59,0.003099174
1444,20:26:00,0.002051282
1445,20:26:01,0.00952381
1446,20:26:02,0.003128259
1447,20:26:03,0.003083248
1448,20:26:04,0
1449,20:26:05,0.006322445
1450,20:26:06,0.013742072
1451,20:26:07,0.003138075
1453,20:26:09,0.002066116
1454,20:26:10,0.004287245
1455,20:26:11,0.001049318
1456,20:26:12,0.004179728
1457,20:26:13,0.007253886
1458,20:26:14,0.003151261
1459,20:26:15,0.003095975
1460,20:26:16,0.007194245
1461,20:26:17,0.006224066
1462,20:26:18,0.00621118
1463,20:26:19,0.00209205
1464,20:26:20,0.004052685
1465,20:26:21,0.001044932
1466,20:26:22,0
1467,20:26:23,0
1468,20:26:24,0.007223942
1469,20:26:25,0.006282723
1470,20:26:26,0.002066116
1471,20:26:27,0.001031992
1472,20:26:28,0.010214505
1473,20:26:29,0.005285412
1474,20:26:30,0.005194805
1475,20:26:31,0
1476,20:26:32,0
1478,20:26:34,0
1479,20:26:35,0.008179959
1480,20:26:36,0.02617801
1481,20:26:37,0.001034126
1482,20:26:38,0
1483,20:26:39,0
1484,20:26:40,0
1485,20:26:41,0.004127967
1486,20:26:42,0.002085506
1487,20:26:43,0.011133603
1488,20:26:44,0.001038422
1489,20:26:45,0.002079002
1490,20:26:46,0
1491,20:26:47,0
1492,20:26:48,0
1493,20:26:49,0
1494,20:26:50,0.016309888
1495,20:26:51,0.008385744
1496,20:26:52,0
1497,20:26:53,0.001048218
1498,20:26:54,0.002094241
1499,20:26:55,0.009433962
1500,20:26:56,0.01552795
1501,20:26:57,0.001060445
1503,20:26:59,0.0093361
1504,20:27:00,0.01025641
1505,20:27:01,0.002103049
1506,20:27:02,0
1507,20:27:03,0.00106383
1508,20:27:04,0.016326531
1509,20:27:05,0.015625
1510,20:27:06,0.001033058
1511,20:27:07,0
1512,20:27:08,0.009473684
1513,20:27:09,0.002129925
1514,20:27:10,0.015576324
1515,20:27:11,0.001988072
1516,20:27:12,0.01026694
1517,20:27:13,0.026812314
1518,20:27:14,0.010978044
1519,20:27:15,0.005392912
1520,20:27:16,0.002026342
1521,20:27:17,0
1522,20:27:18,0
1523,20:27:19,0.00101626
1524,20:27:20,0.003080082
1525,20:27:21,0.005159959
1526,20:27:22,0
1527,20:27:23,0.008298755
1528,20:27:24,0
1530,20:27:26,0
1531,20:27:27,0
1532,20:27:28,0.006160164
1533,20:27:29,0.00209205
1534,20:27:30,0.001060445
1535,20:27:31,0
1536,20:27:32,0.003118503
1537,20:27:33,0.002047083
1538,20:27:34,0.005285412
1539,20:27:35,0.022940563
1540,20:27:36,0.002134472
1541,20:27:37,0
1542,20:27:38,0.00101626
1543,20:27:39,0
1544,20:27:40,0
1545,20:27:41,0
1546,20:27:42,0
1547,20:27:43,0.00307377
1548,20:27:44,0.009240246
1549,20:27:45,0.003188098
1551,20:27:47,0
1552,20:27:48,0.001051525
1553,20:27:49,0.004179728
1554,20:27:50,0.001043841
1555,20:27:51,0
1556,20:27:52,0
1557,20:27:53,0.004119464
1558,20:27:54,0.002083333
1559,20:27:55,0.002070393
1560,20:27:56,0
1561,20:27:57,0
1562,20:27:58,0.001031992
1563,20:27:59,0.010373444
1564,20:28:00,0
1565,20:28:01,0
1566,20:28:02,0.001029866
1567,20:28:03,0
1568,20:28:04,0
1569,20:28:05,0
1570,20:28:06,0
1571,20:28:07,0
1572,20:28:08,0.005252101
1574,20:28:10,0.022610483
1575,20:28:11,0.039748954
1576,20:28:12,0.05723205
1577,20:28:13,0
1578,20:28:14,0
1579,20:28:15,0.010568032
1580,20:28:16,0.004136505
1581,20:28:17,0.006263048
1582,20:28:18,0.001017294
1583,20:28:19,0.012383901
1584,20:28:20,0.029567054
1585,20:28:21,0.008264463
1586,20:28:22,0.002053388
1587,20:28:23,0.00101833
1588,20:28:24,0.00102145
1589,20:28:25,0
1590,20:28:26,0.003061224
1591,20:28:27,0.004036327
1592,20:28:28,0.020979021
1593,20:28:29,0.038617886
1594,20:28:30,0
1595,20:28:31,0.011988012
1596,20:28:32,0.028600613
1597,20:28:33,0.001006036
1598,20:28:34,0.006042296
1599,20:28:35,0.004232804
1601,20:28:37,0.02217529
1602,20:28:38,0.00310559
1603,20:28:39,0
1604,20:28:40,0.01754386
1605,20:28:41,0.034729316
1606,20:28:42,0.052740434
1607,20:28:43,0.069791667
1608,20:28:44,0.085452696
1609,20:28:45,0.106951872
1610,20:28:46,0.121085595
1611,20:28:47,0.136929461
1612,20:28:48,0.004145078
1613,20:28:49,0.022245763
1614,20:28:50,0.001042753
1615,20:28:51,0.004127967
1616,20:28:52,0.012618297
1617,20:28:53,0.014846235
1618,20:28:54,0.006103764
1619,20:28:55,0.016949153
1620,20:28:56,0.033578174
1621,20:28:57,0.050420168
1622,20:28:58,0.066945607
1623,20:28:59,0.083333333
1624,20:29:00,0.0125
1626,20:29:02,0.00102459
1627,20:29:03,0.018200202
1628,20:29:04,0.036231884
1629,20:29:05,0.054166667
1630,20:29:06,0.071800208
1631,20:29:07,0.090621707
1632,20:29:08,0.108994709
1633,20:29:09,0.124087591
1634,20:29:10,0.140771637
1635,20:29:11,0.159496327
1636,20:29:12,0.209417596
1637,20:29:13,0.190769231
1638,20:29:14,0.214209968
1639,20:29:15,0.226239669
1640,20:29:16,0.246346555
1641,20:29:17,0.259221311
1642,20:29:18,0.281543274
1643,20:29:19,0.302742616
1644,20:29:20,0.318277311
1646,20:29:22,0.329218107
1647,20:29:23,0.347064882
1648,20:29:24,0.363449692
1649,20:29:25,0.005070994
1650,20:29:26,0.016309888
1651,20:29:27,0.009
1652,20:29:28,0.026748971
1653,20:29:29,0.044193217
1654,20:29:30,0.063224447
1655,20:29:31,0.081223629
1656,20:29:32,0.097007224
1657,20:29:33,0.113846154
1658,20:29:34,0.133611691
1659,20:29:35,0.150727651
1660,20:29:36,0.169473684
1661,20:29:37,0.191397849
1662,20:29:38,0.203761755
1663,20:29:39,0.219461698
1664,20:29:40,0.001013171
1665,20:29:41,0.016865079
1666,20:29:42,0.001072961
1668,20:29:44,0.014522822
1669,20:29:45,0.004166667
1670,20:29:46,0
1671,20:29:47,0.002087683
1672,20:29:48,0.006282723
1673,20:29:49,0.023760331
1674,20:29:50,0.041841004
1675,20:29:51,0.058341863
1676,20:29:52,0.076763485
1677,20:29:53,0.094594595
1678,20:29:54,0.004145078
1679,20:29:55,0.008474576
1680,20:29:56,0.026371308
1681,20:29:57,0.043022036
1682,20:29:58,0.059793814
1683,20:29:59,0.001051525
1684,20:30:00,0.010131712
1685,20:30:01,0
1686,20:30:02,0.004206099
1687,20:30:03,0
1689,20:30:05,0.00130719
1690,20:30:06,0.00307377
1691,20:30:07,0.006179197
1692,20:30:08,0.023760331
1693,20:30:09,0.013829787
1694,20:30:10,0
1695,20:30:11,0.011518325
1696,20:30:12,0.028806584
1697,20:30:13,0.007113821
1698,20:30:14,0.025026069
1699,20:30:15,0
1700,20:30:16,0.001006036
1701,20:30:17,0.002026342
1702,20:30:18,0.002051282
1703,20:30:19,0.01975052
1704,20:30:20,0.004197272
1705,20:30:21,0.008385744
1706,20:30:22,0.002030457
1707,20:30:23,0.023407022
1708,20:30:24,0.035532995
1709,20:30:25,0.053911205
1710,20:30:26,0.070600632
1712,20:30:28,0.087774295
1713,20:30:29,0.012578616
1714,20:30:30,0.023538961
1715,20:30:31,0.001040583
1716,20:30:32,0.005192108
1717,20:30:33,0.022335025
1718,20:30:34,0.007391763
1719,20:30:35,0.005192108
1720,20:30:36,0.022916667
1721,20:30:37,0.003128259
1722,20:30:38,0.020725389
1723,20:30:39,0.001038422
1724,20:30:40,0.018828452
1725,20:30:41,0.036420395
1726,20:30:42,0.053235908
1727,20:30:43,0.002008032
1728,20:30:44,0.013429752
1729,20:30:45,0.038309115
1730,20:30:46,0.047619048
1731,20:30:47,0.065149948
1732,20:30:48,0.085037675
1733,20:30:49,0.098867147
1735,20:30:51,0.005117707
1736,20:30:52,0.011316872
1737,20:30:53,0.007150153
1738,20:30:54,0.007223942
1739,20:30:55,0.005122951
1740,20:30:56,0.006204757
1741,20:30:57,0.003102378
1742,20:30:58,0
1743,20:30:59,0.001064963
1744,20:31:00,0
1745,20:31:01,0.002070393
1746,20:31:02,0
1747,20:31:03,0.010204082
1748,20:31:04,0.00203252
1749,20:31:05,0
1750,20:31:06,0.003108808
1751,20:31:07,0.008298755
1752,20:31:08,0.002607562
1753,20:31:09,0.001028807
1754,20:31:10,0.01144641
1755,20:31:11,0.029258098
1756,20:31:12,0.00310559
1758,20:31:14,0
1759,20:31:15,0
1760,20:31:16,0
1761,20:31:17,0
1762,20:31:18,0.002057613
1763,20:31:19,0.001040583
1764,20:31:20,0.00509165
1765,20:31:21,0.011494253
1766,20:31:22,0.002096436
1767,20:31:23,0.002107482
1768,20:31:24,0
1769,20:31:25,0
1770,20:31:26,
1771,20:31:27,
1772,20:31:28,
1773,20:31:29,
1774,20:31:30,
1775,20:31:31,
1776,20:31:32,
1777,20:31:33,
1778,20:31:34,
1779,20:31:35,
1780,20:31:36,
1781,20:31:37,
1782,20:31:38,
1783,20:31:39,
1784,20:31:40,
1785,20:31:41,
1786,20:31:42,
1787,20:31:43,
1788,20:31:44,
1789,20:31:45,
1791,20:31:47,
1792,20:31:48,
1793,20:31:49,
1794,20:31:50,
1795,20:31:51,
1796,20:31:52,
1797,20:31:53,
1798,20:31:54,
1799,20:31:55,
1800,20:31:56,
1801,20:31:57,
1802,20:31:58,
1803,20:31:59,
1804,20:32:00,
1805,20:32:01,
1806,20:32:02,
1807,20:32:03,
1808,20:32:04,
1809,20:32:05,
1810,20:32:06,
1811,20:32:07,
1812,20:32:08,
1813,20:32:09,
1814,20:32:10,
1815,20:32:11,
1816,20:32:12,
1817,20:32:13,
1818,20:32:14,
1819,20:32:15,
1820,20:32:16,
1821,20:32:17,
1822,20:32:18,
1823,20:32:19,
1824,20:32:20,
1825,20:32:21,
1826,20:32:22,
1828,20:32:24,
1829,20:32:25,
1830,20:32:26,
1831,20:32:27,
1832,20:32:28,
1833,20:32:29,
1834,20:32:30,
1835,20:32:31,
1836,20:32:32,
1837,20:32:33,
1838,20:32:34,
1839,20:32:35,
1840,20:32:36,
1841,20:32:37,
1842,20:32:38,
1843,20:32:39,
1844,20:32:40,
1845,20:32:41,
1846,20:32:42,
1847,20:32:43,
1848,20:32:44,
1849,20:32:45,
1850,20:32:46,
1851,20:32:47,
1852,20:32:48,
1853,20:32:49,
1854,20:32:50,
1855,20:32:51,
1857,20:32:53,
1858,20:32:54,
1859,20:32:55,
1860,20:32:56,
1861,20:32:57,
1862,20:32:58,
1863,20:32:59,
1864,20:33:00,
1865,20:33:01,
1866,20:33:02,
1867,20:33:03,
1868,20:33:04,
1869,20:33:05,
1870,20:33:06,
1871,20:33:07,
1872,20:33:08,
1873,20:33:09,
1874,20:33:10,
1875,20:33:11,
1876,20:33:12,
1877,20:33:13,
1878,20:33:14,
1879,20:33:15,
1880,20:33:16,
1881,20:33:17,
1882,20:33:18,
1883,20:33:19,
1884,20:33:20,
1885,20:33:21,
1886,20:33:22,
1887,20:33:23,
1888,20:33:24,
1889,20:33:25,
1891,20:33:27,
1892,20:33:28,
1893,20:33:29,
1894,20:33:30,
1895,20:33:31,
1896,20:33:32,
1897,20:33:33,
1898,20:33:34,
1899,20:33:35,
1900,20:33:36,
1901,20:33:37,
1902,20:33:38,
1903,20:33:39,
1904,20:33:40,
1905,20:33:41,
1906,20:33:42,
1907,20:33:43,
1908,20:33:44,
1909,20:33:45,
1910,20:33:46,
1911,20:33:47,
1912,20:33:48,
1913,20:33:49,
1914,20:33:50,
1915,20:33:51,
1916,20:33:52,
1917,20:33:53,
1918,20:33:54,
1919,20:33:55,
1920,20:33:56,
1922,20:33:58,
1923,20:33:59,
1924,20:34:00,
1925,20:34:01,
1926,20:34:02,
1927,20:34:03,
1928,20:34:04,
1929,20:34:05,
1930,20:34:06,
1931,20:34:07,
1932,20:34:08,
1933,20:34:09,
1934,20:34:10,
1935,20:34:11,
1936,20:34:12,
1937,20:34:13,
1938,20:34:14,
1939,20:34:15,
1940,20:34:16,
1941,20:34:17,
1942,20:34:18,
1943,20:34:19,
1944,20:34:20,
1945,20:34:21,
1946,20:34:22,
1947,20:34:23,
1948,20:34:24,
1949,20:34:25,
1950,20:34:26,
1951,20:34:27,
1952,20:34:28,
1953,20:34:29,
1954,20:34:30,
1955,20:34:31,
1956,20:34:32,
1958,20:34:34,
1959,20:34:35,
1960,20:34:36,
1961,20:34:37,
1962,20:34:38,
1963,20:34:39,
1964,20:34:40,
1965,20:34:41,
1966,20:34:42,
1967,20:34:43,
1968,20:34:44,
1969,20:34:45,
1970,20:34:46,
1971,20:34:47,
1972,20:34:48,
1973,20:34:49,
1974,20:34:50,
1975,20:34:51,
1976,20:34:52,
1977,20:34:53,
1978,20:34:54,
1979,20:34:55,
1980,20:34:56,
1981,20:34:57,
1982,20:34:58,
1983,20:34:59,
1984,20:35:00,
1985,20:35:01,
1986,20:35:02,
1987,20:35:03,
1988,20:35:04,
1990,20:35:06,
1991,20:35:07,
1992,20:35:08,
1993,20:35:09,
1994,20:35:10,
1995,20:35:11,
1996,20:35:12,
1997,20:35:13,
1998,20:35:14,
1999,20:35:15,
2000,20:35:16,
2001,20:35:17,
2002,20:35:18,
2003,20:35:19,
2004,20:35:20,
2005,20:35:21,
2006,20:35:22,
2007,20:35:23,
2008,20:35:24,
2009,20:35:25,
2010,20:35:26,
2011,20:35:27,
2012,20:35:28,
2013,20:35:29,
2014,20:35:30,
2015,20:35:31,
2016,20:35:32,
2017,20:35:33,
2018,20:35:34,
2020,20:35:36,
2021,20:35:37,
2022,20:35:38,
2023,20:35:39,
2024,20:35:40,
2025,20:35:41,
2026,20:35:42,
2027,20:35:43,
2028,20:35:44,
2029,20:35:45,
2030,20:35:46,
2031,20:35:47,
2032,20:35:48,
2033,20:35:49,
2034,20:35:50,
2035,20:35:51,
2036,20:35:52,
2037,20:35:53,
2038,20:35:54,
2039,20:35:55,
2040,20:35:56,
2041,20:35:57,
2042,20:35:58,
2043,20:35:59,
2044,20:36:00,
2045,20:36:01,
2046,20:36:02,
2047,20:36:03,
2048,20:36:04,
2050,20:36:06,
2051,20:36:07,
2052,20:36:08,
2053,20:36:09,
2054,20:36:10,
2055,20:36:11,
2056,20:36:12,
2057,20:36:13,
2058,20:36:14,
2059,20:36:15,
2060,20:36:16,
2061,20:36:17,
2062,20:36:18,
2063,20:36:19,
2064,20:36:20,
2065,20:36:21,
2066,20:36:22,
2067,20:36:23,
2068,20:36:24,
2069,20:36:25,
2070,20:36:26,
2071,20:36:27,
2072,20:36:28,
2073,20:36:29,
2074,20:36:30,
2075,20:36:31,
2076,20:36:32,
2077,20:36:33,
2078,20:36:34,
2079,20:36:35,
2080,20:36:36,
2081,20:36:37,
2082,20:36:38,
2084,20:36:40,
2085,20:36:41,
2086,20:36:42,
2087,20:36:43,
2088,20:36:44,
2089,20:36:45,
2090,20:36:46,
2091,20:36:47,
2092,20:36:48,
2093,20:36:49,
2094,20:36:50,
2095,20:36:51,
2096,20:36:52,
2097,20:36:53,
2098,20:36:54,
2099,20:36:55,
2100,20:36:56,
2101,20:36:57,
2102,20:36:58,
2103,20:36:59,
2104,20:37:00,
2105,20:37:01,
2106,20:37:02,
2107,20:37:03,
2108,20:37:04,
2109,20:37:05,
2110,20:37:06,
2111,20:37:07,
2112,20:37:08,
2114,20:37:10,
2115,20:37:11,
2116,20:37:12,
2117,20:37:13,
2118,20:37:14,
2119,20:37:15,
2120,20:37:16,
2121,20:37:17,
2122,20:37:18,
2123,20:37:19,
2124,20:37:20,
2125,20:37:21,
2126,20:37:22,
2127,20:37:23,
2128,20:37:24,
2129,20:37:25,
2130,20:37:26,
2131,20:37:27,
2132,20:37:28,
2133,20:37:29,
2134,20:37:30,
2135,20:37:31,
2136,20:37:32,
2137,20:37:33,
2138,20:37:34,
2139,20:37:35,
2140,20:37:36,
2141,20:37:37,
2142,20:37:38,
2143,20:37:39,
2144,20:37:40,
2146,20:37:42,
2147,20:37:43,
2148,20:37:44,
2149,20:37:45,
2150,20:37:46,
2151,20:37:47,
2152,20:37:48,
2153,20:37:49,
2154,20:37:50,
2155,20:37:51,
2156,20:37:52,
2157,20:37:53,
2158,20:37:54,
2159,20:37:55,
2160,20:37:56,
2161,20:37:57,
2162,20:37:58,
2163,20:37:59,
2164,20:38:00,
2165,20:38:01,
2166,20:38:02,
2167,20:38:03,
2168,20:38:04,
2169,20:38:05,
2170,20:38:06,
2171,20:38:07,
2172,20:38:08,
2173,20:38:09,
2174,20:38:10,
2175,20:38:11,
2176,20:38:12,
2178,20:38:14,
2179,20:38:15,
2180,20:38:16,
2181,20:38:17,
2182,20:38:18,
2183,20:38:19,
2184,20:38:20,
2185,20:38:21,
2186,20:38:22,
2187,20:38:23,
2188,20:38:24,
2189,20:38:25,
2190,20:38:26,
2191,20:38:27,
2192,20:38:28,
2193,20:38:29,
2194,20:38:30,
2195,20:38:31,
2196,20:38:32,
2197,20:38:33,
2198,20:38:34,
2199,20:38:35,
2200,20:38:36,
2201,20:38:37,
2202,20:38:38,
2203,20:38:39,
2204,20:38:40,
2206,20:38:42,
2207,20:38:43,
2208,20:38:44,
2209,20:38:45,
2210,20:38:46,
2211,20:38:47,
2212,20:38:48,
2213,20:38:49,
2214,20:38:50,
2215,20:38:51,
2216,20:38:52,
2217,20:38:53,0.001043841
2218,20:38:54,0.008421053
2219,20:38:55,0.01026694
2220,20:38:56,0.007150153
2221,20:38:57,0.011530398
2222,20:38:58,0.028125
2223,20:38:59,0
2224,20:39:00,0
2225,20:39:01,0.003095975
2226,20:39:02,0.002063983
2227,20:39:03,0
2228,20:39:04,0.005302227
2229,20:39:05,
2230,20:39:06,
2231,20:39:07,
2232,20:39:08,
2233,20:39:09,
2234,20:39:10,
2235,20:39:11,
2237,20:39:13,
2238,20:39:14,
2239,20:39:15,
2240,20:39:16,
2241,20:39:17,
2242,20:39:18,
2243,20:39:19,
2244,20:39:20,
2245,20:39:21,
2246,20:39:22,
2247,20:39:23,
2248,20:39:24,
2249,20:39:25,
2250,20:39:26,
2251,20:39:27,
2252,20:39:28,
2253,20:39:29,
2254,20:39:30,
2255,20:39:31,
2256,20:39:32,
2257,20:39:33,
2258,20:39:34,
2259,20:39:35,
2260,20:39:36,
2261,20:39:37,
2262,20:39:38,
2263,20:39:39,
2264,20:39:40,
2265,20:39:41,
2266,20:39:42,
2267,20:39:43,
2268,20:39:44,
2269,20:39:45,
2270,20:39:46,
2271,20:39:47,
2272,20:39:48,
2274,20:39:50,
2275,20:39:51,
2276,20:39:52,
2277,20:39:53,
2278,20:39:54,
2279,20:39:55,
2280,20:39:56,
2281,20:39:57,
2282,20:39:58,
2283,20:39:59,
2284,20:40:00,
2285,20:40:01,
2286,20:40:02,
2287,20:40:03,
2288,20:40:04,
2289,20:40:05,
2290,20:40:06,
2291,20:40:07,
2292,20:40:08,
2293,20:40:09,
2294,20:40:10,
2295,20:40:11,
2296,20:40:12,
2297,20:40:13,
2298,20:40:14,
2299,20:40:15,
2300,20:40:16,
2301,20:40:17,
2302,20:40:18,
2303,20:40:19,
2304,20:40:20,
2305,20:40:21,
2306,20:40:22,
2307,20:40:23,
2308,20:40:24,
2309,20:40:25,
2310,20:40:26,
2312,20:40:28,
2313,20:40:29,
2314,20:40:30,
2315,20:40:31,
2316,20:40:32,
2317,20:40:33,
2318,20:40:34,
2319,20:40:35,
2320,20:40:36,
2321,20:40:37,
2322,20:40:38,
2323,20:40:39,
2324,20:40:40,
2325,20:40:41,
2326,20:40:42,
2327,20:40:43,
2328,20:40:44,
2329,20:40:45,
2330,20:40:46,
2331,20:40:47,
2332,20:40:48,
2333,20:40:49,
2334,20:40:50,
2335,20:40:51,
2336,20:40:52,
2337,20:40:53,
2338,20:40:54,
2339,20:40:55,
2340,20:40:56,
2341,20:40:57,
2342,20:40:58,0
2343,20:40:59,0.002038736
2344,20:41:00,0.003125
2346,20:41:02,0
2347,20:41:03,0
2348,20:41:04,0.001048218
2349,20:41:05,0
2350,20:41:06,0
2351,20:41:07,0
2352,20:41:08,0.007238883
2353,20:41:09,0
2354,20:41:10,0
2355,20:41:11,0
2356,20:41:12,0
2357,20:41:13,0
2358,20:41:14,0
2359,20:41:15,0
2360,20:41:16,0.001043841
2361,20:41:17,0
2362,20:41:18,0
2363,20:41:19,0
2364,20:41:20,0
2365,20:41:21,0
2366,20:41:22,0
2367,20:41:23,0
2369,20:41:25,0
2370,20:41:26,0
2371,20:41:27,0
2372,20:41:28,0
2373,20:41:29,0
2374,20:41:30,0.003045685
2375,20:41:31,0.002094241
2376,20:41:32,0.00102145
2377,20:41:33,0.001040583
2378,20:41:34,0.003125
2379,20:41:35,0.002066116
2380,20:41:36,0
2381,20:41:37,0.001023541
2382,20:41:38,0.001041667
2383,20:41:39,0.002089864
2384,20:41:40,0.001066098
2385,20:41:41,0
2386,20:41:42,0.011363636
2387,20:41:43,0.001031992
2388,20:41:44,0.008230453
2389,20:41:45,0
2390,20:41:46,0
2392,20:41:48,0.00105042
2393,20:41:49,0
2394,20:41:50,0
2395,20:41:51,0
2396,20:41:52,0
2397,20:41:53,0.001051525
2398,20:41:54,0
2399,20:41:55,0
2400,20:41:56,0
2401,20:41:57,0
2402,20:41:58,0
2403,20:41:59,0.003095975
2404,20:42:00,0
2405,20:42:01,0
2406,20:42:02,0.005219207
2407,20:42:03,0.003125
2408,20:42:04,0.001034126
2409,20:42:05,0.002063983
2410,20:42:06,0.001053741
2411,20:42:07,0.004179728
2412,20:42:08,0
2413,20:42:09,0
2415,20:42:11,0
2416,20:42:12,0
2417,20:42:13,0
2418,20:42:14,0
2419,20:42:15,0.002083333
2420,20:42:16,0.002057613
2421,20:42:17,0
2422,20:42:18,0
2423,20:42:19,0.001035197
2424,20:42:20,0.002063983
2425,20:42:21,0.00308642
2426,20:42:22,0.004158004
2427,20:42:23,0.009911894
2428,20:42:24,0.001033058
2429,20:42:25,0
2430,20:42:26,0
2431,20:42:27,0
2432,20:42:28,0.001039501
2433,20:42:29,0
2435,20:42:31,0
2436,20:42:32,0.002805049
2437,20:42:33,0
2438,20:42:34,0
2439,20:42:35,0
2440,20:42:36,0
2441,20:42:37,0
2442,20:42:38,0.002030457
2443,20:42:39,0
2444,20:42:40,0
2445,20:42:41,0
2446,20:42:42,0.004127967
2447,20:42:43,0
2448,20:42:44,0
2449,20:42:45,0
2450,20:42:46,0
2451,20:42:47,0
2452,20:42:48,0.002055498
2453,20:42:49,0.001053741
2454,20:42:50,0.003089598
2455,20:42:51,0
2456,20:42:52,0.003121748
2458,20:42:54,0
2459,20:42:55,0
2460,20:42:56,0.002047083
2461,20:42:57,0
2462,20:42:58,0
2463,20:42:59,0.001040583
2464,20:43:00,0
2465,20:43:01,0
2466,20:43:02,0
2467,20:43:03,0
2468,20:43:04,0.001030928
2469,20:43:05,0.008359457
2470,20:43:06,0.003131524
2471,20:43:07,0.006764374
2472,20:43:08,0.007194245
2473,20:43:09,0.001043841
2474,20:43:10,0
2475,20:43:11,0
2476,20:43:12,0
2477,20:43:13,0
2478,20:43:14,0.006198347
2479,20:43:15,0.003064351
2480,20:43:16,0.001512859
2482,20:43:18,0
2483,20:43:19,0.00105042
2484,20:43:20,0.001048218
2485,20:43:21,0
2486,20:43:22,0.003083248
2487,20:43:23,0.002057613
2488,20:43:24,0.018789144
2489,20:43:25,0
2490,20:43:26,0.00106383
2491,20:43:27,0.010111223
2492,20:43:28,0.003161222
2493,20:43:29,0.019633508
2494,20:43:30,0.001012146
2495,20:43:31,0.002173913
2496,20:43:32,0
2497,20:43:33,0
2498,20:43:34,0
2499,20:43:35,0
2500,20:43:36,0.00307377
2501,20:43:37,0.002087683
2502,20:43:38,0.002068252
2503,20:43:39,0.004830918
2504,20:43:40,0.001059322
2505,20:43:41,0
2506,20:43:42,0.003164557
2508,20:43:44,0.001033058
2509,20:43:45,0.01459854
2510,20:43:46,0.003070624
2511,20:43:47,0
2512,20:43:48,0
2513,20:43:49,0.01953602
2514,20:43:50,0.003006012
2515,20:43:51,0
2516,20:43:52,0.009950249
2517,20:43:53,0.027081244
2518,20:43:54,0.00408998
2519,20:43:55,0.009202454
2520,20:43:56,0.003030303
2521,20:43:57,0.006269592
2522,20:43:58,0.004206099
2523,20:43:59,0.001038422
2524,20:44:00,0
2525,20:44:01,0.002070393
2526,20:44:02,0
2527,20:44:03,0.002089864
2528,20:44:04,0.004044489
2529,20:44:05,0.011122346
2530,20:44:06,0
2532,20:44:08,0
2533,20:44:09,0.001059322
2534,20:44:10,0.001036269
2535,20:44:11,0.001033058
2536,20:44:12,0.019027484
2537,20:44:13,0.002051282
2538,20:44:14,0.012526096
2539,20:44:15,0.008359457
2540,20:44:16,0.002047083
2541,20:44:17,0.001061571
2542,20:44:18,0.00102459
2543,20:44:19,0
2544,20:44:20,0
2545,20:44:21,0.002063983
2546,20:44:22,0.001035197
2547,20:44:23,0.002042901
2548,20:44:24,0.001034126
2549,20:44:25,0.003900156
2550,20:44:26,0.021560575
2551,20:44:27,0.006204757
2552,20:44:28,0.012578616
2553,20:44:29,0
2554,20:44:30,0
2555,20:44:31,0
2557,20:44:33,0.001033058
2558,20:44:34,0.001044932
2559,20:44:35,0.001052632
2560,20:44:36,0
2561,20:44:37,0.006315789
2562,20:44:38,0
2563,20:44:39,0
2564,20:44:40,0
2565,20:44:41,0.001033058
2566,20:44:42,0.011235955
2567,20:44:43,0
2568,20:44:44,0.001022495
2569,20:44:45,0.001030928
2570,20:44:46,0
2571,20:44:47,0.008359457
2572,20:44:48,0.014300306
2573,20:44:49,0
2574,20:44:50,0.004052685
2575,20:44:51,0.016494845
2576,20:44:52,0.000789889
2577,20:44:53,0
2579,20:44:55,0
2580,20:44:56,0.001036269
2581,20:44:57,0.00105042
2582,20:44:58,0.004136505
2583,20:44:59,0.009297521
2584,20:45:00,0.027139875
2585,20:45:01,0.045215563
2586,20:45:02,0.061586639
2587,20:45:03,0.001012146
2588,20:45:04,0.013402062
2589,20:45:05,0
2590,20:45:06,0.001046025
2591,20:45:07,0
2592,20:45:08,0
2593,20:45:09,0.001037344
2594,20:45:10,0.007383966
2595,20:45:11,0.001026694
2596,20:45:12,0.009384776
2597,20:45:13,0.006217617
2598,20:45:14,0.009384776
2599,20:45:15,0.001035197
2601,20:45:17,0.018691589
2602,20:45:18,0.035934292
2603,20:45:19,0.052366566
2604,20:45:20,0.071060762
2605,20:45:21,0.001022495
2606,20:45:22,0
2607,20:45:23,0.004127967
2608,20:45:24,0
2609,20:45:25,0.016443988
2610,20:45:26,0.002057613
2611,20:45:27,0.018711019
2612,20:45:28,0.003089598
2613,20:45:29,0.001030928
2614,20:45:30,0.002083333
2615,20:45:31,0.001034126
2616,20:45:32,0
2617,20:45:33,0
2618,20:45:34,0
2619,20:45:35,0
2620,20:45:36,0
2622,20:45:38,0.00729927
2623,20:45:39,0.001025641
2624,20:45:40,0.00204499
2625,20:45:41,0
2626,20:45:42,0
2627,20:45:43,0.001034126
2628,20:45:44,0.003095975
2629,20:45:45,0.008290155
2630,20:45:46,0
2631,20:45:47,0
2632,20:45:48,0
2633,20:45:49,0.007391763
2634,20:45:50,0.001030928
2635,20:45:51,0.001042753
2636,20:45:52,0.012711864
2637,20:45:53,0.002061856
2638,20:45:54,0.002034588
2639,20:45:55,0
2640,20:45:56,0.014925373
2641,20:45:57,0.03219107
2642,20:45:58,0.002072539
2643,20:45:59,0.018518519
2645,20:46:01,0.009433962
2646,20:46:02,0.003181336
2647,20:46:03,0
2648,20:46:04,0.00203666
2649,20:46:05,0.003083248
2650,20:46:06,0
2651,20:46:07,0
2652,20:46:08,0
2653,20:46:09,0
2654,20:46:10,0
2655,20:46:11,0.001020408
2656,20:46:12,0.003080082
2657,20:46:13,0
2658,20:46:14,0.001038422
2659,20:46:15,0.001003009
2660,20:46:16,0.016494845
2661,20:46:17,0
2662,20:46:18,0.001044932
2663,20:46:19,0.010416667
,,
